Entity,Code,Year,"Internally displaced persons, new displacement associated with disasters (number of cases)"
Afghanistan,AFG,2008,3400
Afghanistan,AFG,2009,28000
Afghanistan,AFG,2010,71000
Afghanistan,AFG,2011,3000
Afghanistan,AFG,2012,30000
Afghanistan,AFG,2013,15000
Afghanistan,AFG,2014,13000
Afghanistan,AFG,2015,71000
Afghanistan,AFG,2016,7400
Afghanistan,AFG,2017,27000
Afghanistan,AFG,2018,435000
Afghanistan,AFG,2019,117000
Afghanistan,AFG,2020,46000
Africa Eastern and Southern,,2008,518600
Africa Eastern and Southern,,2010,463750
Africa Eastern and Southern,,2011,495700
Africa Eastern and Southern,,2012,910420
Africa Eastern and Southern,,2013,1065200
Africa Eastern and Southern,,2014,580067
Africa Eastern and Southern,,2015,905597
Africa Eastern and Southern,,2016,864020
Africa Eastern and Southern,,2017,2186294
Africa Eastern and Southern,,2018,1809544
Africa Eastern and Southern,,2019,2746402
Africa Eastern and Southern,,2020,3465840
Africa Western and Central,,2009,683200
Africa Western and Central,,2010,1228600
Africa Western and Central,,2011,107400
Africa Western and Central,,2012,5030300
Africa Western and Central,,2013,530498
Africa Western and Central,,2014,71990
Africa Western and Central,,2015,202690
Africa Western and Central,,2016,211450
Africa Western and Central,,2017,373548
Africa Western and Central,,2018,798652
Africa Western and Central,,2019,649648
Africa Western and Central,,2020,824052
Albania,ALB,2009,150
Albania,ALB,2013,450
Albania,ALB,2014,24
Albania,ALB,2015,4200
Albania,ALB,2016,3100
Albania,ALB,2017,3500
Albania,ALB,2018,110
Albania,ALB,2019,33000
Algeria,DZA,2008,25000
Algeria,DZA,2009,2500
Algeria,DZA,2013,340
Algeria,DZA,2014,4500
Algeria,DZA,2015,19000
Algeria,DZA,2016,2000
Algeria,DZA,2018,19
Algeria,DZA,2019,3200
Algeria,DZA,2020,9600
American Samoa,ASM,2018,4600
American Samoa,ASM,2020,390
Angola,AGO,2009,86000
Angola,AGO,2010,79000
Angola,AGO,2011,227000
Angola,AGO,2012,6400
Angola,AGO,2013,2500
Angola,AGO,2015,5600
Angola,AGO,2016,19000
Angola,AGO,2017,14000
Angola,AGO,2018,11000
Angola,AGO,2019,6700
Angola,AGO,2020,15000
Antigua and Barbuda,ATG,2008,45
Antigua and Barbuda,ATG,2017,1400
Arab World,,2008,131600
Arab World,,2015,202630
Arab World,,2018,805177
Arab World,,2019,885560
Arab World,,2020,1771741
Argentina,ARG,2008,640
Argentina,ARG,2012,2000
Argentina,ARG,2013,6900
Argentina,ARG,2014,32000
Argentina,ARG,2015,36000
Argentina,ARG,2016,12000
Argentina,ARG,2017,27000
Argentina,ARG,2018,16000
Argentina,ARG,2019,23000
Argentina,ARG,2020,3700
Australia,AUS,2008,1000
Australia,AUS,2009,7500
Australia,AUS,2010,1000
Australia,AUS,2011,10000
Australia,AUS,2012,16000
Australia,AUS,2013,13000
Australia,AUS,2014,1200
Australia,AUS,2015,5700
Australia,AUS,2016,3200
Australia,AUS,2017,31000
Australia,AUS,2018,11000
Australia,AUS,2019,25000
Australia,AUS,2020,51000
Austria,AUT,2013,1000
Austria,AUT,2016,250
Austria,AUT,2019,270
Azerbaijan,AZE,2009,200
Azerbaijan,AZE,2010,32000
Azerbaijan,AZE,2012,36000
Azerbaijan,AZE,2018,390
Azerbaijan,AZE,2019,140
Bahamas,BHS,2008,500
Bahamas,BHS,2015,2800
Bahamas,BHS,2016,3500
Bahamas,BHS,2017,1600
Bahamas,BHS,2018,230
Bahamas,BHS,2019,9800
Bangladesh,BGD,2008,61000
Bangladesh,BGD,2009,1342000
Bangladesh,BGD,2010,569000
Bangladesh,BGD,2011,400000
Bangladesh,BGD,2012,651000
Bangladesh,BGD,2013,1160000
Bangladesh,BGD,2014,543000
Bangladesh,BGD,2015,531000
Bangladesh,BGD,2016,614000
Bangladesh,BGD,2017,946000
Bangladesh,BGD,2018,78000
Bangladesh,BGD,2019,4086000
Bangladesh,BGD,2020,4443000
Barbados,BRB,2016,90
Barbados,BRB,2019,100
Belgium,BEL,2018,50
Belgium,BEL,2019,10
Belize,BLZ,2008,400
Belize,BLZ,2013,130
Belize,BLZ,2015,250
Belize,BLZ,2016,3500
Belize,BLZ,2020,6300
Benin,BEN,2008,150000
Benin,BEN,2009,40000
Benin,BEN,2010,275000
Benin,BEN,2012,10000
Benin,BEN,2013,15000
Benin,BEN,2016,960
Benin,BEN,2017,3500
Benin,BEN,2018,23000
Benin,BEN,2019,5000
Benin,BEN,2020,7000
Bermuda,BMU,2020,50
Bhutan,BTN,2011,20000
Bhutan,BTN,2015,2900
Bhutan,BTN,2016,690
Bhutan,BTN,2020,120
Bolivia,BOL,2009,630
Bolivia,BOL,2010,100000
Bolivia,BOL,2011,11000
Bolivia,BOL,2012,9000
Bolivia,BOL,2013,4700
Bolivia,BOL,2014,190000
Bolivia,BOL,2015,11000
Bolivia,BOL,2016,7000
Bolivia,BOL,2017,3100
Bolivia,BOL,2018,2400
Bolivia,BOL,2019,77000
Bolivia,BOL,2020,13000
Bosnia and Herzegovina,BIH,2014,91000
Bosnia and Herzegovina,BIH,2015,320
Bosnia and Herzegovina,BIH,2019,270
Bosnia and Herzegovina,BIH,2020,910
Botswana,BWA,2009,870
Botswana,BWA,2013,1200
Botswana,BWA,2014,2000
Botswana,BWA,2015,250
Botswana,BWA,2017,2000
Botswana,BWA,2018,1600
Botswana,BWA,2020,780
Brazil,BRA,2008,309000
Brazil,BRA,2009,523000
Brazil,BRA,2010,230000
Brazil,BRA,2011,170000
Brazil,BRA,2012,35000
Brazil,BRA,2013,82000
Brazil,BRA,2014,150000
Brazil,BRA,2015,59000
Brazil,BRA,2016,14000
Brazil,BRA,2017,71000
Brazil,BRA,2018,86000
Brazil,BRA,2019,295000
Brazil,BRA,2020,358000
British Virgin Islands,VGB,2017,6000
Brunei,BRN,2014,51
Brunei,BRN,2017,94
Bulgaria,BGR,2012,2100
Bulgaria,BGR,2014,2300
Bulgaria,BGR,2015,820
Bulgaria,BGR,2016,24
Bulgaria,BGR,2017,22
Bulgaria,BGR,2018,50
Burkina Faso,BFA,2008,28000
Burkina Faso,BFA,2009,150000
Burkina Faso,BFA,2010,20000
Burkina Faso,BFA,2013,1800
Burkina Faso,BFA,2015,3700
Burkina Faso,BFA,2016,18000
Burkina Faso,BFA,2017,8200
Burkina Faso,BFA,2018,5100
Burkina Faso,BFA,2020,20000
Burundi,BDI,2008,2800
Burundi,BDI,2010,1500
Burundi,BDI,2014,13000
Burundi,BDI,2015,3100
Burundi,BDI,2016,6600
Burundi,BDI,2017,11000
Burundi,BDI,2018,35000
Burundi,BDI,2019,27000
Burundi,BDI,2020,51000
Cambodia,KHM,2009,66000
Cambodia,KHM,2010,32000
Cambodia,KHM,2011,214000
Cambodia,KHM,2013,144000
Cambodia,KHM,2014,151000
Cambodia,KHM,2015,8900
Cambodia,KHM,2016,8300
Cambodia,KHM,2017,15000
Cambodia,KHM,2018,37000
Cambodia,KHM,2019,70000
Cambodia,KHM,2020,66000
Cameroon,CMR,2008,1000
Cameroon,CMR,2010,3000
Cameroon,CMR,2012,30000
Cameroon,CMR,2013,10000
Cameroon,CMR,2014,3500
Cameroon,CMR,2015,11000
Cameroon,CMR,2019,24000
Cameroon,CMR,2020,116000
Canada,CAN,2008,2000
Canada,CAN,2013,120000
Canada,CAN,2014,5800
Canada,CAN,2015,13000
Canada,CAN,2016,93000
Canada,CAN,2017,85000
Canada,CAN,2018,19000
Canada,CAN,2019,41000
Canada,CAN,2020,26000
Cape Verde,CPV,2014,2500
Cape Verde,CPV,2015,190
Cape Verde,CPV,2016,300
Cape Verde,CPV,2020,750
Caribbean Small States,,2017,44632
Caribbean Small States,,2018,1644
Cayman Islands,CYM,2008,720
Central African Republic,CAF,2008,14000
Central African Republic,CAF,2009,15000
Central African Republic,CAF,2012,18000
Central African Republic,CAF,2013,14000
Central African Republic,CAF,2014,940
Central African Republic,CAF,2015,1100
Central African Republic,CAF,2016,7500
Central African Republic,CAF,2017,2900
Central African Republic,CAF,2018,9300
Central African Republic,CAF,2019,102000
Central African Republic,CAF,2020,15000
Central Europe and the Baltics,,2020,42827
Chad,TCD,2008,10000
Chad,TCD,2009,5800
Chad,TCD,2010,70000
Chad,TCD,2012,500000
Chad,TCD,2013,88000
Chad,TCD,2014,9900
Chad,TCD,2016,5700
Chad,TCD,2018,2000
Chad,TCD,2019,30000
Chad,TCD,2020,71000
Chile,CHL,2008,43000
Chile,CHL,2009,700
Chile,CHL,2010,2000000
Chile,CHL,2011,4000
Chile,CHL,2012,7300
Chile,CHL,2013,3600
Chile,CHL,2014,985000
Chile,CHL,2015,1047000
Chile,CHL,2016,16000
Chile,CHL,2017,8300
Chile,CHL,2018,2500
Chile,CHL,2019,3900
Chile,CHL,2020,3400
China,CHN,2008,18660000
China,CHN,2009,4031000
China,CHN,2010,15920000
China,CHN,2011,4490000
China,CHN,2012,5731000
China,CHN,2013,5924000
China,CHN,2014,3612000
China,CHN,2015,3602000
China,CHN,2016,7434000
China,CHN,2017,4473000
China,CHN,2018,3762000
China,CHN,2019,4034000
China,CHN,2020,5074000
Colombia,COL,2008,63000
Colombia,COL,2009,9100
Colombia,COL,2010,3000000
Colombia,COL,2011,149000
Colombia,COL,2012,71000
Colombia,COL,2013,11000
Colombia,COL,2014,20000
Colombia,COL,2015,4600
Colombia,COL,2016,31000
Colombia,COL,2017,25000
Colombia,COL,2018,67000
Colombia,COL,2019,35000
Colombia,COL,2020,64000
Comoros,COM,2012,11000
Comoros,COM,2014,12000
Comoros,COM,2017,94
Comoros,COM,2019,19000
Congo,COG,2019,166000
Costa Rica,CRI,2008,12000
Costa Rica,CRI,2009,2400
Costa Rica,CRI,2011,2100
Costa Rica,CRI,2012,2000
Costa Rica,CRI,2013,65
Costa Rica,CRI,2015,1100
Costa Rica,CRI,2016,5800
Costa Rica,CRI,2017,11000
Costa Rica,CRI,2018,5800
Costa Rica,CRI,2019,390
Costa Rica,CRI,2020,4200
Cote d'Ivoire,CIV,2009,10000
Cote d'Ivoire,CIV,2013,78
Cote d'Ivoire,CIV,2014,4500
Cote d'Ivoire,CIV,2018,3200
Cote d'Ivoire,CIV,2019,720
Cote d'Ivoire,CIV,2020,1900
Croatia,HRV,2014,18000
Croatia,HRV,2015,1000
Croatia,HRV,2017,230
Croatia,HRV,2018,140
Croatia,HRV,2020,42000
Cuba,CUB,2008,2730000
Cuba,CUB,2012,352000
Cuba,CUB,2015,2000
Cuba,CUB,2016,1079000
Cuba,CUB,2017,1738000
Cuba,CUB,2018,52000
Cuba,CUB,2019,9900
Cuba,CUB,2020,639000
Cyprus,CYP,2016,40
Cyprus,CYP,2018,8
Czechia,CZE,2013,26000
Czechia,CZE,2018,12
Czechia,CZE,2020,43
Democratic Republic of Congo,COD,2008,5100
Democratic Republic of Congo,COD,2009,130
Democratic Republic of Congo,COD,2010,98000
Democratic Republic of Congo,COD,2011,12000
Democratic Republic of Congo,COD,2012,23000
Democratic Republic of Congo,COD,2013,3800
Democratic Republic of Congo,COD,2014,24000
Democratic Republic of Congo,COD,2015,106000
Democratic Republic of Congo,COD,2016,130000
Democratic Republic of Congo,COD,2017,27000
Democratic Republic of Congo,COD,2018,81000
Democratic Republic of Congo,COD,2019,233000
Democratic Republic of Congo,COD,2020,279000
Djibouti,DJI,2018,9400
Djibouti,DJI,2019,10000
Djibouti,DJI,2020,11
Dominica,DMA,2011,96
Dominica,DMA,2013,18
Dominica,DMA,2015,710
Dominica,DMA,2017,35000
Dominica,DMA,2018,350
Dominican Republic,DOM,2008,8900
Dominican Republic,DOM,2011,17000
Dominican Republic,DOM,2012,43000
Dominican Republic,DOM,2013,14000
Dominican Republic,DOM,2014,11000
Dominican Republic,DOM,2015,28000
Dominican Republic,DOM,2016,52000
Dominican Republic,DOM,2017,69000
Dominican Republic,DOM,2018,27000
Dominican Republic,DOM,2019,4900
Dominican Republic,DOM,2020,31000
Early-demographic dividend,,2008,12860680
Early-demographic dividend,,2009,10387790
Early-demographic dividend,,2010,17575500
Early-demographic dividend,,2011,6168500
Early-demographic dividend,,2012,16228900
Early-demographic dividend,,2013,12017422
Early-demographic dividend,,2014,12308988
Early-demographic dividend,,2015,12602782
Early-demographic dividend,,2016,11860701
Early-demographic dividend,,2017,7365044
Early-demographic dividend,,2018,8610747
Early-demographic dividend,,2019,15747337
Early-demographic dividend,,2020,17359253
East Asia & Pacific,,2008,24278485
East Asia & Pacific,,2009,7382300
East Asia & Pacific,,2010,19119650
East Asia & Pacific,,2011,10107600
East Asia & Pacific,,2012,10482800
East Asia & Pacific,,2013,15612742
East Asia & Pacific,,2014,11683477
East Asia & Pacific,,2015,8304670
East Asia & Pacific,,2016,16427753
East Asia & Pacific,,2017,8602204
East Asia & Pacific,,2018,9330868
East Asia & Pacific,,2019,9602104
East Asia & Pacific,,2020,12052783
East Asia & Pacific (IDA & IBRD),,2008,24276685
East Asia & Pacific (IDA & IBRD),,2009,7349800
East Asia & Pacific (IDA & IBRD),,2010,19001900
East Asia & Pacific (IDA & IBRD),,2011,9172800
East Asia & Pacific (IDA & IBRD),,2012,9920350
East Asia & Pacific (IDA & IBRD),,2013,14852332
East Asia & Pacific (IDA & IBRD),,2014,10965826
East Asia & Pacific (IDA & IBRD),,2015,7779530
East Asia & Pacific (IDA & IBRD),,2016,15399033
East Asia & Pacific (IDA & IBRD),,2017,8514540
East Asia & Pacific (IDA & IBRD),,2018,9055630
East Asia & Pacific (IDA & IBRD),,2019,9284244
East Asia & Pacific (IDA & IBRD),,2020,11779675
East Asia & Pacific (excluding high income),,2008,24276685
East Asia & Pacific (excluding high income),,2009,7349800
East Asia & Pacific (excluding high income),,2010,19029900
East Asia & Pacific (excluding high income),,2011,9197800
East Asia & Pacific (excluding high income),,2012,10152200
East Asia & Pacific (excluding high income),,2013,14932832
East Asia & Pacific (excluding high income),,2014,10965826
East Asia & Pacific (excluding high income),,2015,7785530
East Asia & Pacific (excluding high income),,2016,15506033
East Asia & Pacific (excluding high income),,2017,8514540
East Asia & Pacific (excluding high income),,2018,9129230
East Asia & Pacific (excluding high income),,2019,9290644
East Asia & Pacific (excluding high income),,2020,11785365
Ecuador,ECU,2008,14000
Ecuador,ECU,2010,500
Ecuador,ECU,2012,4800
Ecuador,ECU,2013,7500
Ecuador,ECU,2014,570
Ecuador,ECU,2015,1900
Ecuador,ECU,2016,289000
Ecuador,ECU,2017,3000
Ecuador,ECU,2018,4200
Ecuador,ECU,2019,1100
Ecuador,ECU,2020,1200
Egypt,EGY,2008,20000
Egypt,EGY,2014,200
Egypt,EGY,2015,100
Egypt,EGY,2016,820
Egypt,EGY,2018,8
Egypt,EGY,2020,8400
El Salvador,SLV,2008,95
El Salvador,SLV,2009,15000
El Salvador,SLV,2010,16000
El Salvador,SLV,2011,60000
El Salvador,SLV,2013,2300
El Salvador,SLV,2014,22
El Salvador,SLV,2015,2000
El Salvador,SLV,2016,480
El Salvador,SLV,2017,390
El Salvador,SLV,2018,4700
El Salvador,SLV,2019,1900
El Salvador,SLV,2020,17000
Eritrea,ERI,2013,100
Eswatini,SWZ,2018,110
Ethiopia,ETH,2008,73000
Ethiopia,ETH,2010,10000
Ethiopia,ETH,2012,20000
Ethiopia,ETH,2013,61000
Ethiopia,ETH,2014,49000
Ethiopia,ETH,2015,104000
Ethiopia,ETH,2016,347000
Ethiopia,ETH,2017,434000
Ethiopia,ETH,2018,296000
Ethiopia,ETH,2019,504000
Ethiopia,ETH,2020,664000
Euro area,,2013,67090
Euro area,,2016,42880
Euro area,,2017,33082
Euro area,,2018,21103
Euro area,,2019,37190
Euro area,,2020,36943
Europe & Central Asia,,2013,149733
Europe & Central Asia,,2016,56782
Europe & Central Asia,,2018,38719
Europe & Central Asia,,2019,101505
Europe & Central Asia,,2020,234913
Europe & Central Asia (IDA & IBRD),,2010,98100
Europe & Central Asia (IDA & IBRD),,2016,12442
Europe & Central Asia (IDA & IBRD),,2018,17126
Europe & Central Asia (IDA & IBRD),,2019,51528
Europe & Central Asia (IDA & IBRD),,2020,191410
Europe & Central Asia (excluding high income),,2014,152584
Europe & Central Asia (excluding high income),,2015,50700
Europe & Central Asia (excluding high income),,2016,12442
Europe & Central Asia (excluding high income),,2018,16986
Europe & Central Asia (excluding high income),,2019,51510
Europe & Central Asia (excluding high income),,2020,148990
European Union,,2013,94390
European Union,,2016,44404
European Union,,2017,33430
European Union,,2018,22635
European Union,,2019,37825
European Union,,2020,79710
Fiji,FJI,2009,13000
Fiji,FJI,2010,18000
Fiji,FJI,2012,27000
Fiji,FJI,2014,800
Fiji,FJI,2016,76000
Fiji,FJI,2017,370
Fiji,FJI,2018,12000
Fiji,FJI,2019,5000
Fiji,FJI,2020,37000
Finland,FIN,2008,20
Finland,FIN,2013,30
Finland,FIN,2018,51
Fragile and conflict affected situations,,2008,2838835
Fragile and conflict affected situations,,2010,3023900
Fragile and conflict affected situations,,2012,5811200
Fragile and conflict affected situations,,2013,1487546
Fragile and conflict affected situations,,2014,679140
Fragile and conflict affected situations,,2015,2379020
Fragile and conflict affected situations,,2016,1592360
Fragile and conflict affected situations,,2017,2412364
Fragile and conflict affected situations,,2018,2757090
Fragile and conflict affected situations,,2019,3506803
Fragile and conflict affected situations,,2020,4104210
France,FRA,2008,870
France,FRA,2010,4500
France,FRA,2013,6700
France,FRA,2014,4100
France,FRA,2015,120
France,FRA,2016,190
France,FRA,2017,21000
France,FRA,2018,6300
France,FRA,2019,6200
France,FRA,2020,10000
French Polynesia,PYF,2010,3500
French Polynesia,PYF,2017,1100
French Polynesia,PYF,2019,30
French Polynesia,PYF,2020,27
Gabon,GAB,2009,800
Gabon,GAB,2012,1600
Gabon,GAB,2013,1800
Gabon,GAB,2017,8
Gabon,GAB,2020,2
Gambia,GMB,2008,400
Gambia,GMB,2010,25000
Gambia,GMB,2012,7700
Gambia,GMB,2013,400
Gambia,GMB,2016,4600
Gambia,GMB,2017,880
Gambia,GMB,2019,4000
Gambia,GMB,2020,17000
Georgia,GEO,2013,1500
Georgia,GEO,2014,120
Georgia,GEO,2015,1200
Georgia,GEO,2018,310
Georgia,GEO,2020,160
Germany,DEU,2013,53000
Germany,DEU,2016,2000
Germany,DEU,2017,220
Germany,DEU,2018,510
Germany,DEU,2019,680
Germany,DEU,2020,2
Ghana,GHA,2008,14000
Ghana,GHA,2009,52000
Ghana,GHA,2011,49000
Ghana,GHA,2013,31000
Ghana,GHA,2015,9300
Ghana,GHA,2016,7900
Ghana,GHA,2017,23000
Ghana,GHA,2018,61000
Ghana,GHA,2019,16000
Ghana,GHA,2020,2000
Greece,GRC,2009,330
Greece,GRC,2013,60
Greece,GRC,2014,8200
Greece,GRC,2015,270
Greece,GRC,2016,2900
Greece,GRC,2017,800
Greece,GRC,2018,9200
Greece,GRC,2019,2800
Greece,GRC,2020,13000
Greenland,GRL,2017,78
Greenland,GRL,2018,170
Grenada,GRD,2017,150
Grenada,GRD,2018,27
Grenada,GRD,2019,26
Guam,GUM,2018,2400
Guam,GUM,2019,450
Guatemala,GTM,2008,18000
Guatemala,GTM,2009,990
Guatemala,GTM,2010,163000
Guatemala,GTM,2011,29000
Guatemala,GTM,2012,64000
Guatemala,GTM,2013,80
Guatemala,GTM,2014,10000
Guatemala,GTM,2015,2900
Guatemala,GTM,2016,1700
Guatemala,GTM,2017,45000
Guatemala,GTM,2018,27000
Guatemala,GTM,2019,21000
Guatemala,GTM,2020,339000
Guinea,GIN,2011,4500
Guinea,GIN,2013,300
Guinea,GIN,2015,34000
Guinea,GIN,2016,490
Guinea,GIN,2017,710
Guinea,GIN,2018,3900
Guinea,GIN,2019,18
Guinea,GIN,2020,2400
Guinea-Bissau,GNB,2008,750
Guinea-Bissau,GNB,2010,2000
Guinea-Bissau,GNB,2018,3700
Guinea-Bissau,GNB,2019,410
Guyana,GUY,2017,200
Guyana,GUY,2018,170
Haiti,HTI,2008,139000
Haiti,HTI,2009,9900
Haiti,HTI,2010,1573000
Haiti,HTI,2011,500
Haiti,HTI,2012,86000
Haiti,HTI,2013,1100
Haiti,HTI,2014,6500
Haiti,HTI,2015,1500
Haiti,HTI,2016,180000
Haiti,HTI,2017,15000
Haiti,HTI,2018,8800
Haiti,HTI,2019,1200
Haiti,HTI,2020,13000
Heavily indebted poor countries (HIPC),,2008,964450
Heavily indebted poor countries (HIPC),,2010,2790350
Heavily indebted poor countries (HIPC),,2012,1723320
Heavily indebted poor countries (HIPC),,2013,1117058
Heavily indebted poor countries (HIPC),,2014,748890
Heavily indebted poor countries (HIPC),,2015,966625
Heavily indebted poor countries (HIPC),,2016,1138740
Heavily indebted poor countries (HIPC),,2017,2348634
Heavily indebted poor countries (HIPC),,2018,2101943
Heavily indebted poor countries (HIPC),,2019,3005818
Heavily indebted poor countries (HIPC),,2020,4456300
High income,,2013,1113292
High income,,2014,1786348
High income,,2015,1684120
High income,,2016,2273000
High income,,2017,2039043
High income,,2018,1505741
High income,,2019,1357323
High income,,2020,2119534
Honduras,HND,2008,70000
Honduras,HND,2009,2300
Honduras,HND,2010,8000
Honduras,HND,2011,12000
Honduras,HND,2014,2500
Honduras,HND,2015,2000
Honduras,HND,2016,890
Honduras,HND,2018,17000
Honduras,HND,2019,390
Honduras,HND,2020,937000
Hong Kong,HKG,2016,220
Hong Kong,HKG,2017,3300
Hong Kong,HKG,2018,1400
Hong Kong,HKG,2019,210
Hong Kong,HKG,2020,160
Hungary,HUN,2013,1300
Hungary,HUN,2014,290
Hungary,HUN,2017,96
Hungary,HUN,2019,110
Hungary,HUN,2020,14
IBRD only,,2008,29761940
IBRD only,,2009,14049340
IBRD only,,2010,27122100
IBRD only,,2011,12680700
IBRD only,,2012,19545530
IBRD only,,2013,17381440
IBRD only,,2014,15975253
IBRD only,,2015,11402702
IBRD only,,2016,18225121
IBRD only,,2017,10671506
IBRD only,,2018,11887643
IBRD only,,2019,15100319
IBRD only,,2020,16575562
IDA & IBRD total,,2008,33485175
IDA & IBRD total,,2009,16615270
IDA & IBRD total,,2010,42227450
IDA & IBRD total,,2011,14013796
IDA & IBRD total,,2012,28292650
IDA & IBRD total,,2013,20926808
IDA & IBRD total,,2014,18342229
IDA & IBRD total,,2015,18559707
IDA & IBRD total,,2016,20782203
IDA & IBRD total,,2017,15018939
IDA & IBRD total,,2018,15549413
IDA & IBRD total,,2019,23456749
IDA & IBRD total,,2020,27970098
IDA blend,,2009,330000
IDA blend,,2010,11695100
IDA blend,,2011,325396
IDA blend,,2012,5981000
IDA blend,,2013,762864
IDA blend,,2014,828500
IDA blend,,2015,1220010
IDA blend,,2016,209880
IDA blend,,2017,205740
IDA blend,,2018,1025577
IDA blend,,2019,609281
IDA blend,,2020,1672130
IDA only,,2008,3548235
IDA only,,2009,2235930
IDA only,,2010,3410250
IDA only,,2011,1007700
IDA only,,2012,2766120
IDA only,,2013,2782504
IDA only,,2014,1538476
IDA only,,2015,5936995
IDA only,,2016,2347202
IDA only,,2017,4141693
IDA only,,2018,2636193
IDA only,,2019,7747149
IDA only,,2020,9722406
IDA total,,2008,3723235
IDA total,,2009,2565930
IDA total,,2010,15105350
IDA total,,2011,1333096
IDA total,,2012,8747120
IDA total,,2013,3545368
IDA total,,2014,2366976
IDA total,,2015,7157005
IDA total,,2016,2557082
IDA total,,2017,4347433
IDA total,,2018,3661770
IDA total,,2019,8356430
IDA total,,2020,11394536
Iceland,ISL,2017,50
Iceland,ISL,2020,590
India,IND,2008,6662000
India,IND,2009,5304000
India,IND,2010,1411000
India,IND,2011,1503000
India,IND,2012,9110000
India,IND,2013,2145000
India,IND,2014,3428000
India,IND,2015,3655000
India,IND,2016,2400000
India,IND,2017,1346000
India,IND,2018,2675000
India,IND,2019,5018000
India,IND,2020,3856000
Indonesia,IDN,2008,221000
Indonesia,IDN,2009,854000
Indonesia,IDN,2010,409000
Indonesia,IDN,2011,7400
Indonesia,IDN,2012,104000
Indonesia,IDN,2013,427000
Indonesia,IDN,2014,943000
Indonesia,IDN,2015,204000
Indonesia,IDN,2016,1246000
Indonesia,IDN,2017,365000
Indonesia,IDN,2018,853000
Indonesia,IDN,2019,463000
Indonesia,IDN,2020,705000
Iran,IRN,2010,3500
Iran,IRN,2012,50000
Iran,IRN,2013,4700
Iran,IRN,2014,12000
Iran,IRN,2015,5400
Iran,IRN,2016,78
Iran,IRN,2017,225000
Iran,IRN,2018,74000
Iran,IRN,2019,520000
Iran,IRN,2020,52000
Iraq,IRQ,2008,600
Iraq,IRQ,2011,2000
Iraq,IRQ,2013,7900
Iraq,IRQ,2015,23000
Iraq,IRQ,2017,3900
Iraq,IRQ,2018,65000
Iraq,IRQ,2019,37000
Iraq,IRQ,2020,1200
Ireland,IRL,2015,1600
Ireland,IRL,2017,62
Ireland,IRL,2020,51
Israel,ISR,2013,200
Israel,ISR,2014,700
Israel,ISR,2016,75000
Israel,ISR,2018,80
Israel,ISR,2019,1200
Israel,ISR,2020,10000
Italy,ITA,2009,75000
Italy,ITA,2012,17000
Italy,ITA,2013,3700
Italy,ITA,2014,1600
Italy,ITA,2015,1300
Italy,ITA,2016,31000
Italy,ITA,2017,2100
Italy,ITA,2018,3300
Italy,ITA,2019,3400
Italy,ITA,2020,2000
Jamaica,JAM,2008,1500
Jamaica,JAM,2012,2000
Jamaica,JAM,2016,3500
Jamaica,JAM,2017,29
Jamaica,JAM,2018,7
Jamaica,JAM,2020,2
Japan,JPN,2008,800
Japan,JPN,2010,85000
Japan,JPN,2011,892000
Japan,JPN,2012,308000
Japan,JPN,2013,639000
Japan,JPN,2014,707000
Japan,JPN,2015,486000
Japan,JPN,2016,864000
Japan,JPN,2017,21000
Japan,JPN,2018,146000
Japan,JPN,2019,265000
Japan,JPN,2020,186000
Jordan,JOR,2013,420
Jordan,JOR,2017,160
Jordan,JOR,2018,2000
Jordan,JOR,2019,46
Jordan,JOR,2020,140
Kazakhstan,KAZ,2010,5000
Kazakhstan,KAZ,2011,9000
Kazakhstan,KAZ,2012,5100
Kazakhstan,KAZ,2013,330
Kazakhstan,KAZ,2015,19000
Kazakhstan,KAZ,2016,1000
Kazakhstan,KAZ,2017,7100
Kazakhstan,KAZ,2018,400
Kazakhstan,KAZ,2020,32000
Kenya,KEN,2008,10000
Kenya,KEN,2009,92000
Kenya,KEN,2010,54000
Kenya,KEN,2011,19000
Kenya,KEN,2012,98000
Kenya,KEN,2013,180000
Kenya,KEN,2014,1400
Kenya,KEN,2015,105000
Kenya,KEN,2016,40000
Kenya,KEN,2017,35000
Kenya,KEN,2018,336000
Kenya,KEN,2019,74000
Kenya,KEN,2020,335000
Kiribati,KIR,2008,85
Kiribati,KIR,2015,2500
Kosovo,OWID_KOS,2013,1000
Kosovo,OWID_KOS,2016,10
Kyrgyzstan,KGZ,2008,1100
Kyrgyzstan,KGZ,2015,5900
Kyrgyzstan,KGZ,2016,39
Kyrgyzstan,KGZ,2017,3300
Kyrgyzstan,KGZ,2018,4700
Laos,LAO,2009,38000
Laos,LAO,2011,50000
Laos,LAO,2013,9900
Laos,LAO,2014,790
Laos,LAO,2015,12000
Laos,LAO,2016,660
Laos,LAO,2017,190
Laos,LAO,2018,19000
Laos,LAO,2019,103000
Laos,LAO,2020,12000
Late-demographic dividend,,2008,19944300
Late-demographic dividend,,2009,5219550
Late-demographic dividend,,2010,22958500
Late-demographic dividend,,2011,7436600
Late-demographic dividend,,2012,6351180
Late-demographic dividend,,2013,7561720
Late-demographic dividend,,2014,5337102
Late-demographic dividend,,2015,4884440
Late-demographic dividend,,2016,8402308
Late-demographic dividend,,2017,5612099
Late-demographic dividend,,2018,4328313
Late-demographic dividend,,2019,4765296
Late-demographic dividend,,2020,6930444
Latin America & Caribbean,,2008,3492560
Latin America & Caribbean,,2009,985020
Latin America & Caribbean,,2010,8163600
Latin America & Caribbean,,2011,1014396
Latin America & Caribbean,,2012,873000
Latin America & Caribbean,,2013,354082
Latin America & Caribbean,,2014,1550762
Latin America & Caribbean,,2015,1543360
Latin America & Caribbean,,2016,1763910
Latin America & Caribbean,,2017,2705482
Latin America & Caribbean,,2018,420244
Latin America & Caribbean,,2019,588289
Latin America & Caribbean,,2020,2788310
Latin America & Caribbean (IDA & IBRD),,2008,761340
Latin America & Caribbean (IDA & IBRD),,2009,985020
Latin America & Caribbean (IDA & IBRD),,2010,8163600
Latin America & Caribbean (IDA & IBRD),,2011,1014396
Latin America & Caribbean (IDA & IBRD),,2012,521000
Latin America & Caribbean (IDA & IBRD),,2013,354082
Latin America & Caribbean (IDA & IBRD),,2014,1550762
Latin America & Caribbean (IDA & IBRD),,2015,1538560
Latin America & Caribbean (IDA & IBRD),,2016,681270
Latin America & Caribbean (IDA & IBRD),,2017,847522
Latin America & Caribbean (IDA & IBRD),,2018,367614
Latin America & Caribbean (IDA & IBRD),,2019,568249
Latin America & Caribbean (IDA & IBRD),,2020,2138310
Latin America & Caribbean (excluding high income),,2008,3443595
Latin America & Caribbean (excluding high income),,2009,984320
Latin America & Caribbean (excluding high income),,2010,6061600
Latin America & Caribbean (excluding high income),,2011,1010396
Latin America & Caribbean (excluding high income),,2012,864700
Latin America & Caribbean (excluding high income),,2013,349453
Latin America & Caribbean (excluding high income),,2014,560862
Latin America & Caribbean (excluding high income),,2015,424560
Latin America & Caribbean (excluding high income),,2016,1732040
Latin America & Caribbean (excluding high income),,2017,2564389
Latin America & Caribbean (excluding high income),,2018,383954
Latin America & Caribbean (excluding high income),,2019,551881
Latin America & Caribbean (excluding high income),,2020,2771107
Latvia,LVA,2018,24
Least developed countries: UN classification,,2008,3443535
Least developed countries: UN classification,,2009,2252330
Least developed countries: UN classification,,2010,3418250
Least developed countries: UN classification,,2011,1163700
Least developed countries: UN classification,,2012,2758020
Least developed countries: UN classification,,2013,2753389
Least developed countries: UN classification,,2014,1489430
Least developed countries: UN classification,,2015,5905835
Least developed countries: UN classification,,2016,2334010
Least developed countries: UN classification,,2017,4102117
Least developed countries: UN classification,,2018,2515773
Least developed countries: UN classification,,2019,7713859
Least developed countries: UN classification,,2020,8536351
Lebanon,LBN,2014,1300
Lebanon,LBN,2015,110
Lebanon,LBN,2019,4300
Lesotho,LSO,2010,5000
Lesotho,LSO,2011,3400
Lesotho,LSO,2014,2600
Lesotho,LSO,2018,1400
Liberia,LBR,2008,1000
Liberia,LBR,2014,650
Liberia,LBR,2016,10000
Liberia,LBR,2017,970
Liberia,LBR,2018,15000
Liberia,LBR,2019,600
Liberia,LBR,2020,3700
Libya,LBY,2013,3000
Libya,LBY,2019,4600
Low & middle income,,2008,36167430
Low & middle income,,2009,16614570
Low & middle income,,2010,40123950
Low & middle income,,2011,14034796
Low & middle income,,2012,28869400
Low & middle income,,2013,21012579
Low & middle income,,2014,17334522
Low & middle income,,2015,17460707
Low & middle income,,2016,21940463
Low & middle income,,2017,16735653
Low & middle income,,2018,15639213
Low & middle income,,2019,23446765
Low & middle income,,2020,28566275
Low income,,2008,585250
Low income,,2010,786400
Low income,,2012,2119320
Low income,,2013,1239920
Low income,,2014,569190
Low income,,2015,1031200
Low income,,2016,1015990
Low income,,2017,2352823
Low income,,2018,2070600
Low income,,2019,3021028
Low income,,2020,3762800
Lower middle income,,2008,13483880
Lower middle income,,2009,11128130
Lower middle income,,2010,17947850
Lower middle income,,2011,6389600
Lower middle income,,2012,20116580
Lower middle income,,2013,13367189
Lower middle income,,2014,12377108
Lower middle income,,2015,12335575
Lower middle income,,2016,11759130
Lower middle income,,2017,7210351
Lower middle income,,2018,9316340
Lower middle income,,2019,15696068
Lower middle income,,2020,18020886
Luxembourg,LUX,2019,190
Luxembourg,LUX,2020,2
Macao,MAC,2018,5700
Macao,MAC,2020,2800
Madagascar,MDG,2008,194000
Madagascar,MDG,2009,8100
Madagascar,MDG,2010,38000
Madagascar,MDG,2011,26000
Madagascar,MDG,2012,268000
Madagascar,MDG,2013,20000
Madagascar,MDG,2014,2800
Madagascar,MDG,2015,87000
Madagascar,MDG,2016,51000
Madagascar,MDG,2017,248000
Madagascar,MDG,2018,75000
Madagascar,MDG,2019,5700
Madagascar,MDG,2020,23000
Malawi,MWI,2009,21000
Malawi,MWI,2011,25000
Malawi,MWI,2012,6200
Malawi,MWI,2013,33000
Malawi,MWI,2014,600
Malawi,MWI,2015,343000
Malawi,MWI,2016,9500
Malawi,MWI,2017,84000
Malawi,MWI,2018,20000
Malawi,MWI,2019,117000
Malawi,MWI,2020,29000
Malaysia,MYS,2008,4000
Malaysia,MYS,2010,65000
Malaysia,MYS,2011,24000
Malaysia,MYS,2012,22000
Malaysia,MYS,2013,43000
Malaysia,MYS,2014,256000
Malaysia,MYS,2015,21000
Malaysia,MYS,2016,18000
Malaysia,MYS,2017,82000
Malaysia,MYS,2018,38000
Malaysia,MYS,2019,63000
Malaysia,MYS,2020,24000
Maldives,MDV,2017,76
Maldives,MDV,2018,20
Maldives,MDV,2019,300
Mali,MLI,2008,2500
Mali,MLI,2010,5800
Mali,MLI,2011,18000
Mali,MLI,2012,9000
Mali,MLI,2013,24000
Mali,MLI,2015,400
Mali,MLI,2016,8000
Mali,MLI,2017,6800
Mali,MLI,2018,19000
Mali,MLI,2019,6600
Mali,MLI,2020,7400
Marshall Islands,MHL,2008,600
Marshall Islands,MHL,2014,1200
Marshall Islands,MHL,2019,200
Mauritania,MRT,2010,5000
Mauritania,MRT,2013,4600
Mauritania,MRT,2017,2900
Mauritania,MRT,2018,450
Mauritania,MRT,2019,6600
Mauritania,MRT,2020,1600
Mauritius,MUS,2015,1400
Mauritius,MUS,2016,300
Mauritius,MUS,2017,100
Mauritius,MUS,2018,3600
Mauritius,MUS,2019,1000
Mauritius,MUS,2020,110
Mexico,MEX,2008,13000
Mexico,MEX,2009,375000
Mexico,MEX,2010,900000
Mexico,MEX,2011,547000
Mexico,MEX,2012,6500
Mexico,MEX,2013,158000
Mexico,MEX,2014,18000
Mexico,MEX,2015,91000
Mexico,MEX,2016,12000
Mexico,MEX,2017,195000
Mexico,MEX,2018,20000
Mexico,MEX,2019,16000
Mexico,MEX,2020,101000
Micronesia (country),FSM,2015,6800
Middle East & North Africa,,2015,140730
Middle East & North Africa,,2018,210807
Middle East & North Africa,,2019,630160
Middle East & North Africa,,2020,341141
Middle East & North Africa (IDA & IBRD),,2014,22000
Middle East & North Africa (IDA & IBRD),,2015,130730
Middle East & North Africa (IDA & IBRD),,2018,198727
Middle East & North Africa (IDA & IBRD),,2019,627378
Middle East & North Africa (IDA & IBRD),,2020,329691
Middle East & North Africa (excluding high income),,2014,22200
Middle East & North Africa (excluding high income),,2015,140730
Middle East & North Africa (excluding high income),,2018,198727
Middle East & North Africa (excluding high income),,2019,627380
Middle East & North Africa (excluding high income),,2020,329801
Middle income,,2008,35582180
Middle income,,2009,16293640
Middle income,,2010,39337550
Middle income,,2011,13843996
Middle income,,2012,26750080
Middle income,,2013,19772659
Middle income,,2014,16765332
Middle income,,2015,16429507
Middle income,,2016,20924473
Middle income,,2017,14382830
Middle income,,2018,13568613
Middle income,,2019,20425737
Middle income,,2020,24803475
Moldova,MDA,2008,200
Mongolia,MNG,2009,22000
Mongolia,MNG,2015,810
Mongolia,MNG,2018,5900
Mongolia,MNG,2019,13
Mongolia,MNG,2020,4200
Montenegro,MNE,2010,1400
Montenegro,MNE,2012,800
Montenegro,MNE,2016,400
Montenegro,MNE,2017,2
Montenegro,MNE,2018,6
Morocco,MAR,2008,5000
Morocco,MAR,2010,15000
Morocco,MAR,2012,580
Morocco,MAR,2014,1700
Morocco,MAR,2019,200
Morocco,MAR,2020,340
Mozambique,MOZ,2008,143000
Mozambique,MOZ,2009,7300
Mozambique,MOZ,2010,130000
Mozambique,MOZ,2011,22000
Mozambique,MOZ,2012,10000
Mozambique,MOZ,2013,186000
Mozambique,MOZ,2014,21000
Mozambique,MOZ,2015,61000
Mozambique,MOZ,2016,7000
Mozambique,MOZ,2017,170000
Mozambique,MOZ,2018,31000
Mozambique,MOZ,2019,506000
Mozambique,MOZ,2020,25000
Myanmar,MMR,2008,2250000
Myanmar,MMR,2009,2500
Myanmar,MMR,2010,106000
Myanmar,MMR,2011,13000
Myanmar,MMR,2012,74000
Myanmar,MMR,2013,223000
Myanmar,MMR,2014,81000
Myanmar,MMR,2015,1618000
Myanmar,MMR,2016,509000
Myanmar,MMR,2017,351000
Myanmar,MMR,2018,298000
Myanmar,MMR,2019,270000
Myanmar,MMR,2020,50000
Namibia,NAM,2009,55000
Namibia,NAM,2010,11000
Namibia,NAM,2011,60000
Namibia,NAM,2012,400
Namibia,NAM,2013,18000
Namibia,NAM,2014,160
Namibia,NAM,2015,8
Namibia,NAM,2017,3400
Namibia,NAM,2018,13
Namibia,NAM,2019,2
Namibia,NAM,2020,200
Nepal,NPL,2008,250000
Nepal,NPL,2009,18000
Nepal,NPL,2011,46000
Nepal,NPL,2012,600
Nepal,NPL,2013,12000
Nepal,NPL,2014,74000
Nepal,NPL,2015,2623000
Nepal,NPL,2016,31000
Nepal,NPL,2017,384000
Nepal,NPL,2018,12000
Nepal,NPL,2019,121000
Nepal,NPL,2020,48000
Netherlands,NLD,2020,4000
New Caledonia,NCL,2017,570
New Caledonia,NCL,2018,48
New Caledonia,NCL,2020,31
New Zealand,NZL,2010,250
New Zealand,NZL,2011,2300
New Zealand,NZL,2012,450
New Zealand,NZL,2013,210
New Zealand,NZL,2015,440
New Zealand,NZL,2016,1800
New Zealand,NZL,2017,6300
New Zealand,NZL,2018,990
New Zealand,NZL,2019,1300
New Zealand,NZL,2020,4900
Nicaragua,NIC,2008,19000
Nicaragua,NIC,2010,61000
Nicaragua,NIC,2011,10000
Nicaragua,NIC,2013,160
Nicaragua,NIC,2014,35000
Nicaragua,NIC,2015,1100
Nicaragua,NIC,2016,18000
Nicaragua,NIC,2017,20000
Nicaragua,NIC,2018,6900
Nicaragua,NIC,2019,580
Nicaragua,NIC,2020,232000
Niger,NER,2008,4300
Niger,NER,2009,5600
Niger,NER,2010,205000
Niger,NER,2011,28000
Niger,NER,2012,540000
Niger,NER,2013,201000
Niger,NER,2014,47000
Niger,NER,2015,38000
Niger,NER,2016,46000
Niger,NER,2017,189000
Niger,NER,2018,40000
Niger,NER,2019,121000
Niger,NER,2020,276000
Nigeria,NGA,2009,140000
Nigeria,NGA,2010,560000
Nigeria,NGA,2011,6300
Nigeria,NGA,2012,3894000
Nigeria,NGA,2013,117000
Nigeria,NGA,2014,3000
Nigeria,NGA,2015,100000
Nigeria,NGA,2016,78000
Nigeria,NGA,2017,122000
Nigeria,NGA,2018,613000
Nigeria,NGA,2019,157000
Nigeria,NGA,2020,279000
North America,,2008,2022000
North America,,2009,1300
North America,,2011,52000
North America,,2012,901000
North America,,2013,308000
North America,,2014,39800
North America,,2015,76000
North America,,2016,1200000
North America,,2017,1771000
North America,,2018,1266000
North America,,2019,957000
North America,,2020,1740050
North Korea,PRK,2010,28000
North Korea,PRK,2011,25000
North Korea,PRK,2012,232000
North Korea,PRK,2013,82000
North Korea,PRK,2015,6000
North Korea,PRK,2016,107000
North Korea,PRK,2018,69000
North Korea,PRK,2019,6400
North Korea,PRK,2020,5300
North Macedonia,MKD,2013,1600
North Macedonia,MKD,2018,50
Northern Mariana Islands,MNP,2018,14000
Northern Mariana Islands,MNP,2019,870
Norway,NOR,2014,680
Norway,NOR,2015,220
Norway,NOR,2016,260
Norway,NOR,2017,220
Norway,NOR,2019,620
Norway,NOR,2020,1000
OECD members,,2013,1251678
OECD members,,2014,1792470
OECD members,,2015,1727520
OECD members,,2016,2260800
OECD members,,2017,2112708
OECD members,,2018,1542525
OECD members,,2019,1360925
OECD members,,2020,2268423
Oman,OMN,2013,350
Oman,OMN,2017,320
Oman,OMN,2018,10000
Oman,OMN,2019,1100
Oman,OMN,2020,120
Pacific island small states,,2012,36950
Pacific island small states,,2014,16736
Pacific island small states,,2016,80363
Pacific island small states,,2017,14950
Pacific island small states,,2018,32130
Pacific island small states,,2019,6231
Pacific island small states,,2020,120475
Pakistan,PAK,2008,89000
Pakistan,PAK,2009,84000
Pakistan,PAK,2010,11060000
Pakistan,PAK,2011,300000
Pakistan,PAK,2012,1857000
Pakistan,PAK,2013,407000
Pakistan,PAK,2014,771000
Pakistan,PAK,2015,1002000
Pakistan,PAK,2016,13000
Pakistan,PAK,2017,1800
Pakistan,PAK,2018,2100
Pakistan,PAK,2019,100000
Pakistan,PAK,2020,829000
Palau,PLW,2012,150
Palau,PLW,2013,1500
Palestine,PSE,2010,500
Palestine,PSE,2012,1200
Palestine,PSE,2013,11000
Palestine,PSE,2014,200
Palestine,PSE,2015,10000
Palestine,PSE,2016,510
Palestine,PSE,2017,77
Palestine,PSE,2019,2
Palestine,PSE,2020,110
Panama,PAN,2012,3400
Panama,PAN,2013,1700
Panama,PAN,2014,320
Panama,PAN,2015,100
Panama,PAN,2016,1100
Panama,PAN,2017,300
Panama,PAN,2019,240
Panama,PAN,2020,3700
Papua New Guinea,PNG,2008,75000
Papua New Guinea,PNG,2009,1000
Papua New Guinea,PNG,2012,75000
Papua New Guinea,PNG,2013,46
Papua New Guinea,PNG,2014,21000
Papua New Guinea,PNG,2016,1600
Papua New Guinea,PNG,2017,1400
Papua New Guinea,PNG,2018,61000
Papua New Guinea,PNG,2019,31000
Papua New Guinea,PNG,2020,3900
Paraguay,PRY,2008,60
Paraguay,PRY,2013,28000
Paraguay,PRY,2014,84000
Paraguay,PRY,2015,171000
Paraguay,PRY,2016,3600
Paraguay,PRY,2017,5200
Paraguay,PRY,2018,30000
Paraguay,PRY,2019,54000
Paraguay,PRY,2020,5
Peru,PER,2008,45000
Peru,PER,2009,46000
Peru,PER,2010,10000
Peru,PER,2011,2700
Peru,PER,2012,184000
Peru,PER,2013,28000
Peru,PER,2014,950
Peru,PER,2015,8400
Peru,PER,2016,17000
Peru,PER,2017,295000
Peru,PER,2018,8600
Peru,PER,2019,10000
Peru,PER,2020,8000
Philippines,PHL,2008,2757000
Philippines,PHL,2009,2062000
Philippines,PHL,2010,1002000
Philippines,PHL,2011,2499000
Philippines,PHL,2012,3859000
Philippines,PHL,2013,7022000
Philippines,PHL,2014,5787000
Philippines,PHL,2015,2221000
Philippines,PHL,2016,5930000
Philippines,PHL,2017,2529000
Philippines,PHL,2018,3802000
Philippines,PHL,2019,4094000
Philippines,PHL,2020,4439000
Poland,POL,2010,30000
Poland,POL,2019,18
Poland,POL,2020,420
Portugal,PRT,2008,38
Portugal,PRT,2015,10
Portugal,PRT,2016,1100
Portugal,PRT,2017,6800
Portugal,PRT,2018,410
Portugal,PRT,2019,640
Portugal,PRT,2020,28
Post-demographic dividend,,2013,1079413
Post-demographic dividend,,2014,879590
Post-demographic dividend,,2015,584860
Post-demographic dividend,,2016,3200264
Post-demographic dividend,,2017,3616248
Post-demographic dividend,,2018,1505501
Post-demographic dividend,,2019,1314357
Post-demographic dividend,,2020,2730572
Pre-demographic dividend,,2009,1017930
Pre-demographic dividend,,2010,1725450
Pre-demographic dividend,,2011,441800
Pre-demographic dividend,,2012,5943520
Pre-demographic dividend,,2013,1442798
Pre-demographic dividend,,2014,584590
Pre-demographic dividend,,2015,1084635
Pre-demographic dividend,,2016,705360
Pre-demographic dividend,,2017,2098234
Pre-demographic dividend,,2018,2694273
Pre-demographic dividend,,2019,2963348
Pre-demographic dividend,,2020,3663600
Puerto Rico,PRI,2017,86000
Puerto Rico,PRI,2018,400
Puerto Rico,PRI,2019,240
Puerto Rico,PRI,2020,11000
Romania,ROU,2008,11000
Romania,ROU,2014,2200
Romania,ROU,2015,160
Romania,ROU,2016,1500
Romania,ROU,2018,1200
Romania,ROU,2019,460
Romania,ROU,2020,290
Russia,RUS,2010,23000
Russia,RUS,2011,3500
Russia,RUS,2012,32000
Russia,RUS,2013,29000
Russia,RUS,2014,23000
Russia,RUS,2015,6600
Russia,RUS,2016,3600
Russia,RUS,2017,5900
Russia,RUS,2018,3600
Russia,RUS,2019,12000
Russia,RUS,2020,250
Rwanda,RWA,2008,5000
Rwanda,RWA,2010,5900
Rwanda,RWA,2011,1900
Rwanda,RWA,2012,3200
Rwanda,RWA,2013,1000
Rwanda,RWA,2015,2000
Rwanda,RWA,2016,9700
Rwanda,RWA,2017,5000
Rwanda,RWA,2018,47000
Rwanda,RWA,2019,12000
Rwanda,RWA,2020,6000
Saint Kitts and Nevis,KNA,2017,33
Saint Lucia,LCA,2013,1200
Saint Lucia,LCA,2016,130
Saint Lucia,LCA,2019,25
Saint Martin (French part),MAF,2017,11000
Saint Vincent and the Grenadines,VCT,2010,100
Saint Vincent and the Grenadines,VCT,2013,2300
Saint Vincent and the Grenadines,VCT,2016,340
Saint Vincent and the Grenadines,VCT,2017,20
Saint Vincent and the Grenadines,VCT,2019,230
Samoa,WSM,2009,5300
Samoa,WSM,2012,7700
Samoa,WSM,2014,86
Samoa,WSM,2015,970
Samoa,WSM,2016,63
Samoa,WSM,2018,330
Samoa,WSM,2020,55
Saudi Arabia,SAU,2009,10000
Saudi Arabia,SAU,2011,8200
Saudi Arabia,SAU,2013,4700
Saudi Arabia,SAU,2016,280
Saudi Arabia,SAU,2017,100
Saudi Arabia,SAU,2018,2000
Saudi Arabia,SAU,2019,260
Saudi Arabia,SAU,2020,610
Senegal,SEN,2009,264000
Senegal,SEN,2010,7800
Senegal,SEN,2011,1600
Senegal,SEN,2012,20000
Senegal,SEN,2013,13000
Senegal,SEN,2016,24000
Senegal,SEN,2017,630
Senegal,SEN,2018,2
Senegal,SEN,2019,4400
Senegal,SEN,2020,3300
Serbia,SRB,2010,4500
Serbia,SRB,2013,190
Serbia,SRB,2014,33000
Serbia,SRB,2016,39
Serbia,SRB,2017,42
Serbia,SRB,2018,130
Serbia,SRB,2019,300
Serbia,SRB,2020,880
Seychelles,SYC,2013,1100
Seychelles,SYC,2014,7
Seychelles,SYC,2016,20
Sierra Leone,SLE,2013,8400
Sierra Leone,SLE,2017,12000
Sierra Leone,SLE,2019,5300
Sint Maarten (Dutch part),SXM,2017,13000
Slovakia,SVK,2018,270
Slovakia,SVK,2020,60
Slovenia,SVN,2018,340
Solomon Islands,SLB,2010,7900
Solomon Islands,SLB,2012,1000
Solomon Islands,SLB,2013,3500
Solomon Islands,SLB,2014,9000
Solomon Islands,SLB,2015,1000
Solomon Islands,SLB,2016,1300
Solomon Islands,SLB,2017,580
Solomon Islands,SLB,2018,1100
Solomon Islands,SLB,2019,31
Solomon Islands,SLB,2020,320
Somalia,SOM,2008,12000
Somalia,SOM,2010,5200
Somalia,SOM,2012,28000
Somalia,SOM,2013,60000
Somalia,SOM,2014,36000
Somalia,SOM,2015,59000
Somalia,SOM,2016,70000
Somalia,SOM,2017,899000
Somalia,SOM,2018,547000
Somalia,SOM,2019,479000
Somalia,SOM,2020,1037000
South Africa,ZAF,2008,3500
South Africa,ZAF,2009,20000
South Africa,ZAF,2010,6000
South Africa,ZAF,2011,52000
South Africa,ZAF,2012,2000
South Africa,ZAF,2013,18000
South Africa,ZAF,2014,3500
South Africa,ZAF,2015,14
South Africa,ZAF,2016,12000
South Africa,ZAF,2017,15000
South Africa,ZAF,2018,2100
South Africa,ZAF,2019,1700
South Africa,ZAF,2020,370
South Asia,,2008,7590400
South Asia,,2009,7139000
South Asia,,2010,13252000
South Asia,,2011,2957000
South Asia,,2012,11777600
South Asia,,2013,4063000
South Asia,,2014,4981000
South Asia,,2015,7950900
South Asia,,2016,3566090
South Asia,,2017,2839876
South Asia,,2018,3302120
South Asia,,2019,9529300
South Asia,,2020,9241120
South Asia (IDA & IBRD),,2008,7590400
South Asia (IDA & IBRD),,2009,7139000
South Asia (IDA & IBRD),,2010,13252000
South Asia (IDA & IBRD),,2011,2957000
South Asia (IDA & IBRD),,2012,11777600
South Asia (IDA & IBRD),,2013,4063000
South Asia (IDA & IBRD),,2014,4981000
South Asia (IDA & IBRD),,2015,7950900
South Asia (IDA & IBRD),,2016,3566090
South Asia (IDA & IBRD),,2017,2839876
South Asia (IDA & IBRD),,2018,3302120
South Asia (IDA & IBRD),,2019,9529300
South Asia (IDA & IBRD),,2020,9241120
South Korea,KOR,2011,5500
South Korea,KOR,2013,4200
South Korea,KOR,2016,7500
South Korea,KOR,2017,4300
South Korea,KOR,2018,1100
South Korea,KOR,2019,5600
South Korea,KOR,2020,19000
South Sudan,SSD,2012,340000
South Sudan,SSD,2013,116000
South Sudan,SSD,2014,112000
South Sudan,SSD,2015,15000
South Sudan,SSD,2017,75000
South Sudan,SSD,2018,6600
South Sudan,SSD,2019,294000
South Sudan,SSD,2020,443000
Spain,ESP,2011,15000
Spain,ESP,2012,22000
Spain,ESP,2013,2600
Spain,ESP,2014,3800
Spain,ESP,2015,4100
Spain,ESP,2016,5400
Spain,ESP,2017,2100
Spain,ESP,2018,640
Spain,ESP,2019,23000
Spain,ESP,2020,7800
Sri Lanka,LKA,2008,525000
Sri Lanka,LKA,2009,363000
Sri Lanka,LKA,2010,141000
Sri Lanka,LKA,2011,685000
Sri Lanka,LKA,2012,129000
Sri Lanka,LKA,2013,324000
Sri Lanka,LKA,2014,152000
Sri Lanka,LKA,2015,66000
Sri Lanka,LKA,2016,500000
Sri Lanka,LKA,2017,135000
Sri Lanka,LKA,2018,100000
Sri Lanka,LKA,2019,87000
Sri Lanka,LKA,2020,19000
Sub-Saharan Africa,,2009,1118600
Sub-Saharan Africa,,2010,1692350
Sub-Saharan Africa,,2011,603100
Sub-Saharan Africa,,2012,5940720
Sub-Saharan Africa,,2013,1595698
Sub-Saharan Africa,,2014,652057
Sub-Saharan Africa,,2015,1108287
Sub-Saharan Africa,,2016,1075470
Sub-Saharan Africa,,2017,2559842
Sub-Saharan Africa,,2018,2608196
Sub-Saharan Africa,,2019,3396050
Sub-Saharan Africa,,2020,4289892
Sub-Saharan Africa (IDA & IBRD),,2009,1118600
Sub-Saharan Africa (IDA & IBRD),,2010,1692350
Sub-Saharan Africa (IDA & IBRD),,2011,603100
Sub-Saharan Africa (IDA & IBRD),,2012,5940720
Sub-Saharan Africa (IDA & IBRD),,2013,1595698
Sub-Saharan Africa (IDA & IBRD),,2014,652057
Sub-Saharan Africa (IDA & IBRD),,2015,1108287
Sub-Saharan Africa (IDA & IBRD),,2016,1075470
Sub-Saharan Africa (IDA & IBRD),,2017,2559842
Sub-Saharan Africa (IDA & IBRD),,2018,2608196
Sub-Saharan Africa (IDA & IBRD),,2019,3396050
Sub-Saharan Africa (IDA & IBRD),,2020,4289892
Sub-Saharan Africa (excluding high income),,2009,1118600
Sub-Saharan Africa (excluding high income),,2010,1692350
Sub-Saharan Africa (excluding high income),,2011,603100
Sub-Saharan Africa (excluding high income),,2012,5940720
Sub-Saharan Africa (excluding high income),,2013,1594598
Sub-Saharan Africa (excluding high income),,2014,652050
Sub-Saharan Africa (excluding high income),,2015,1108287
Sub-Saharan Africa (excluding high income),,2016,1075450
Sub-Saharan Africa (excluding high income),,2017,2559842
Sub-Saharan Africa (excluding high income),,2018,2608196
Sub-Saharan Africa (excluding high income),,2019,3396050
Sub-Saharan Africa (excluding high income),,2020,4289892
Sudan,SDN,2008,47000
Sudan,SDN,2009,80000
Sudan,SDN,2010,20000
Sudan,SDN,2011,19000
Sudan,SDN,2012,84000
Sudan,SDN,2013,284000
Sudan,SDN,2014,187000
Sudan,SDN,2015,8300
Sudan,SDN,2016,123000
Sudan,SDN,2017,54000
Sudan,SDN,2018,121000
Sudan,SDN,2019,272000
Sudan,SDN,2020,454000
Suriname,SUR,2013,300
Suriname,SUR,2017,6000
Sweden,SWE,2014,1000
Sweden,SWE,2015,100
Sweden,SWE,2018,130
Sweden,SWE,2019,47
Switzerland,CHE,2013,13
Switzerland,CHE,2015,360
Switzerland,CHE,2017,160
Switzerland,CHE,2018,18
Switzerland,CHE,2019,10
Switzerland,CHE,2020,13
Syria,SYR,2014,2300
Syria,SYR,2017,2300
Syria,SYR,2018,27000
Syria,SYR,2019,17000
Syria,SYR,2020,25000
Tajikistan,TJK,2010,2000
Tajikistan,TJK,2012,6400
Tajikistan,TJK,2013,660
Tajikistan,TJK,2014,460
Tajikistan,TJK,2015,11000
Tajikistan,TJK,2016,2400
Tajikistan,TJK,2017,4700
Tajikistan,TJK,2018,5400
Tajikistan,TJK,2019,4800
Tajikistan,TJK,2020,1500
Tanzania,TZA,2008,2400
Tanzania,TZA,2009,11000
Tanzania,TZA,2011,22000
Tanzania,TZA,2012,10000
Tanzania,TZA,2014,14000
Tanzania,TZA,2015,3500
Tanzania,TZA,2016,36000
Tanzania,TZA,2017,1900
Tanzania,TZA,2018,29000
Tanzania,TZA,2019,11000
Tanzania,TZA,2020,57000
Thailand,THA,2008,203000
Thailand,THA,2009,68000
Thailand,THA,2010,1000000
Thailand,THA,2011,1645000
Thailand,THA,2012,3400
Thailand,THA,2013,13000
Thailand,THA,2014,27000
Thailand,THA,2015,240
Thailand,THA,2016,90000
Thailand,THA,2017,50000
Thailand,THA,2018,4600
Thailand,THA,2019,61000
Thailand,THA,2020,13000
Timor,TLS,2013,1300
Timor,TLS,2014,2300
Timor,TLS,2015,310
Timor,TLS,2016,110
Timor,TLS,2020,1100
Togo,TGO,2008,2000
Togo,TGO,2010,50000
Togo,TGO,2013,120
Togo,TGO,2015,5000
Togo,TGO,2017,50
Tonga,TON,2012,400
Tonga,TON,2013,17
Tonga,TON,2014,5300
Tonga,TON,2016,3000
Tonga,TON,2018,5700
Tonga,TON,2020,2700
Trinidad and Tobago,TTO,2013,29
Trinidad and Tobago,TTO,2017,200
Trinidad and Tobago,TTO,2018,860
Trinidad and Tobago,TTO,2019,48
Trinidad and Tobago,TTO,2020,33
Tunisia,TUN,2013,6
Tunisia,TUN,2015,120
Tunisia,TUN,2017,990
Tunisia,TUN,2018,3300
Tunisia,TUN,2019,32
Tunisia,TUN,2020,10000
Turkey,TUR,2008,300
Turkey,TUR,2009,20000
Turkey,TUR,2010,200
Turkey,TUR,2011,252000
Turkey,TUR,2014,480
Turkey,TUR,2015,1500
Turkey,TUR,2016,200
Turkey,TUR,2018,640
Turkey,TUR,2019,540
Turkey,TUR,2020,41000
Turks and Caicos Islands,TCA,2016,50
Turks and Caicos Islands,TCA,2017,60
Tuvalu,TUV,2015,5400
Tuvalu,TUV,2020,400
Uganda,UGA,2008,15000
Uganda,UGA,2011,6400
Uganda,UGA,2012,220
Uganda,UGA,2013,30000
Uganda,UGA,2014,50000
Uganda,UGA,2015,600
Uganda,UGA,2016,2500
Uganda,UGA,2017,95000
Uganda,UGA,2018,164000
Uganda,UGA,2019,130000
Uganda,UGA,2020,40000
Ukraine,UKR,2008,25000
Ukraine,UKR,2013,600
Ukraine,UKR,2016,130
Ukraine,UKR,2020,2000
United Arab Emirates,ARE,2017,850
United Arab Emirates,ARE,2019,220
United Arab Emirates,ARE,2020,610
United Kingdom,GBR,2012,300
United Kingdom,GBR,2013,20000
United Kingdom,GBR,2014,620
United Kingdom,GBR,2015,6100
United Kingdom,GBR,2016,1200
United Kingdom,GBR,2017,6200
United Kingdom,GBR,2018,160
United Kingdom,GBR,2019,12000
United Kingdom,GBR,2020,4900
United States,USA,2008,2020000
United States,USA,2009,1300
United States,USA,2011,52000
United States,USA,2012,901000
United States,USA,2013,188000
United States,USA,2014,34000
United States,USA,2015,63000
United States,USA,2016,1107000
United States,USA,2017,1686000
United States,USA,2018,1247000
United States,USA,2019,916000
United States,USA,2020,1714000
United States Virgin Islands,VIR,2017,2300
Upper middle income,,2008,22098300
Upper middle income,,2009,5165510
Upper middle income,,2010,21389700
Upper middle income,,2011,7454396
Upper middle income,,2012,6633500
Upper middle income,,2013,6405470
Upper middle income,,2014,4388224
Upper middle income,,2015,4093932
Upper middle income,,2016,9165343
Upper middle income,,2017,7172479
Upper middle income,,2018,4252273
Upper middle income,,2019,4729669
Upper middle income,,2020,6782589
Uruguay,URY,2013,1000
Uruguay,URY,2014,4900
Uruguay,URY,2015,24000
Uruguay,URY,2016,12000
Uruguay,URY,2017,9100
Uruguay,URY,2018,300
Uruguay,URY,2019,22000
Uruguay,URY,2020,370
Uzbekistan,UZB,2020,70000
Vanuatu,VUT,2011,400
Vanuatu,VUT,2012,700
Vanuatu,VUT,2013,69
Vanuatu,VUT,2014,350
Vanuatu,VUT,2015,65000
Vanuatu,VUT,2017,14000
Vanuatu,VUT,2018,13000
Vanuatu,VUT,2019,1000
Vanuatu,VUT,2020,80000
Venezuela,VEN,2008,4700
Venezuela,VEN,2010,102000
Venezuela,VEN,2012,1000
Venezuela,VEN,2015,45000
Venezuela,VEN,2016,230
Venezuela,VEN,2017,2100
Venezuela,VEN,2018,32000
Venezuela,VEN,2019,320
Venezuela,VEN,2020,2400
Vietnam,VNM,2008,106000
Vietnam,VNM,2009,187000
Vietnam,VNM,2010,442000
Vietnam,VNM,2011,230000
Vietnam,VNM,2012,15000
Vietnam,VNM,2013,1040000
Vietnam,VNM,2014,68000
Vietnam,VNM,2015,9600
Vietnam,VNM,2016,81000
Vietnam,VNM,2017,633000
Vietnam,VNM,2018,143000
Vietnam,VNM,2019,89000
Vietnam,VNM,2020,1267000
World,OWID_WRL,2008,38241123
World,OWID_WRL,2009,16734400
World,OWID_WRL,2010,42350200
World,OWID_WRL,2011,15023796
World,OWID_WRL,2012,30148600
World,OWID_WRL,2013,22125871
World,OWID_WRL,2014,19120870
World,OWID_WRL,2015,19189827
World,OWID_WRL,2016,24213693
World,OWID_WRL,2017,18776796
World,OWID_WRL,2018,17176954
World,OWID_WRL,2019,24804408
World,OWID_WRL,2020,30688209
Yemen,YEM,2008,22000
Yemen,YEM,2010,1000
Yemen,YEM,2013,10000
Yemen,YEM,2015,83000
Yemen,YEM,2016,45000
Yemen,YEM,2017,13
Yemen,YEM,2018,18000
Yemen,YEM,2019,31000
Yemen,YEM,2020,223000
Zambia,ZMB,2008,5800
Zambia,ZMB,2009,54000
Zambia,ZMB,2010,150
Zambia,ZMB,2013,5500
Zambia,ZMB,2014,26000
Zambia,ZMB,2015,25
Zambia,ZMB,2017,2800
Zambia,ZMB,2018,21
Zambia,ZMB,2019,1300
Zambia,ZMB,2020,6000
Zimbabwe,ZWE,2013,44000
Zimbabwe,ZWE,2014,23000
Zimbabwe,ZWE,2015,800
Zimbabwe,ZWE,2016,400
Zimbabwe,ZWE,2017,10000
Zimbabwe,ZWE,2018,1100
Zimbabwe,ZWE,2019,52000
Zimbabwe,ZWE,2020,380