Entity,Code,Year,"11.5.1 - Number of directly affected persons attributed to disasters per 100,000 population (number) - VC_DSR_DAFF"
Afghanistan,AFG,2017,84.17955
Afghanistan,AFG,2018,96.43813
Afghanistan,AFG,2019,1178.9732
Albania,ALB,2005,342.46768
Albania,ALB,2006,34.78521
Albania,ALB,2007,10.90469
Albania,ALB,2008,10.58183
Albania,ALB,2009,258.52768
Albania,ALB,2010,1435.63163
Albania,ALB,2011,30.27964
Albania,ALB,2012,59.29575
Albania,ALB,2013,164.74757
Albania,ALB,2014,122.5233
Albania,ALB,2015,33.07047
Albania,ALB,2016,20.43973
Albania,ALB,2017,0.17382
Albania,ALB,2018,163.15231
Albania,ALB,2019,40.52785
Albania,ALB,2020,5.6466
Algeria,DZA,2005,0.22184
Algeria,DZA,2006,20.46235
Algeria,DZA,2007,19.87916
Algeria,DZA,2008,507.66326
Algeria,DZA,2009,3.31462
Algeria,DZA,2010,31.49981
Algeria,DZA,2011,8.00719
Algeria,DZA,2012,11.91092
Algeria,DZA,2013,14.69045
Algeria,DZA,2014,0.24543
Algeria,DZA,2015,2.4754
Algeria,DZA,2016,1.6897
Algeria,DZA,2017,12.73431
Algeria,DZA,2018,65.33158
Algeria,DZA,2019,1604.59033
Algeria,DZA,2020,2.60107
Angola,AGO,2005,70.14233
Angola,AGO,2006,106.25426
Angola,AGO,2007,272.35945
Angola,AGO,2008,599.96774
Angola,AGO,2009,117.77587
Angola,AGO,2010,107.37458
Angola,AGO,2011,1042.17239
Angola,AGO,2012,106.66125
Angola,AGO,2013,63.13208
Angola,AGO,2014,119.04677
Angola,AGO,2015,152.29227
Angola,AGO,2016,273.74672
Angola,AGO,2017,136.8036
Angola,AGO,2018,113.42219
Angola,AGO,2020,29.17714
Antigua and Barbuda,ATG,2005,262.47703
Antigua and Barbuda,ATG,2008,10103.67395
Antigua and Barbuda,ATG,2009,8.3708
Antigua and Barbuda,ATG,2010,2353.76143
Antigua and Barbuda,ATG,2011,7.01205
Antigua and Barbuda,ATG,2012,59.91267
Antigua and Barbuda,ATG,2013,1448.86396
Antigua and Barbuda,ATG,2014,41.83866
Antigua and Barbuda,ATG,2020,888.70729
Argentina,ARG,2005,603.57511
Argentina,ARG,2006,369.81277
Argentina,ARG,2007,533.59102
Argentina,ARG,2008,39.64007
Argentina,ARG,2009,312.77477
Argentina,ARG,2010,117.33734
Argentina,ARG,2011,2.32525
Argentina,ARG,2012,542.71734
Argentina,ARG,2013,1421.70207
Argentina,ARG,2014,195.87731
Argentina,ARG,2015,255.0254
Argentina,ARG,2016,572.46296
Argentina,ARG,2017,303.50681
Armenia,ARM,2005,114.52827
Armenia,ARM,2006,172.27748
Armenia,ARM,2007,234.00911
Armenia,ARM,2008,235.75372
Armenia,ARM,2009,215.19111
Armenia,ARM,2010,250.06546
Armenia,ARM,2011,46.57326
Armenia,ARM,2012,115.01291
Armenia,ARM,2013,328.81826
Armenia,ARM,2014,124.45726
Armenia,ARM,2015,367.70079
Armenia,ARM,2016,314.40957
Armenia,ARM,2017,471.10186
Armenia,ARM,2018,446.26458
Armenia,ARM,2019,470.50238
Armenia,ARM,2020,5742.14767
Australia,AUS,2009,27.78791
Australia,AUS,2010,69.53746
Australia,AUS,2011,62.13426
Australia,AUS,2012,3.83374
Australia,AUS,2013,32.72844
Australia,AUS,2014,1.21826
Australia,AUS,2015,28.16393
Australia,AUS,2016,16.85139
Australia,AUS,2017,47.62044
Australia,AUS,2018,100.11456
Australia,AUS,2019,58.08438
Australia,AUS,2020,64.56445
Austria,AUT,2005,1.35349
Austria,AUT,2006,0.73904
Austria,AUT,2007,1.31595
Austria,AUT,2008,1.82956
Austria,AUT,2009,1.42771
Austria,AUT,2010,0.77826
Austria,AUT,2011,0.68206
Austria,AUT,2012,0.68982
Austria,AUT,2013,6.89778
Austria,AUT,2014,0.35261
Austria,AUT,2015,2.28305
Austria,AUT,2016,0.68966
Austria,AUT,2017,3.08902
Austria,AUT,2018,75.17007
Austria,AUT,2019,130.62034
Austria,AUT,2020,102.08892
Bangladesh,BGD,2015,2470.88639
Bangladesh,BGD,2016,2837.03522
Bangladesh,BGD,2017,7594.04587
Bangladesh,BGD,2018,22.26379
Barbados,BRB,2005,56.04026
Barbados,BRB,2006,48.54245
Barbados,BRB,2007,94.10495
Barbados,BRB,2008,67.45547
Barbados,BRB,2009,109.71497
Barbados,BRB,2010,93.22549
Barbados,BRB,2011,63.89984
Barbados,BRB,2012,33.49324
Barbados,BRB,2013,58.38006
Barbados,BRB,2014,121.97014
Barbados,BRB,2015,72.09622
Barbados,BRB,2016,86.49123
Barbados,BRB,2017,81.40221
Barbados,BRB,2018,68.7493
Belize,BLZ,2007,2.56822
Belize,BLZ,2008,31233.47408
Belize,BLZ,2009,20.31217
Belize,BLZ,2010,1548.02824
Benin,BEN,2010,11819.75858
Benin,BEN,2011,1366.84638
Benin,BEN,2012,480.94856
Benin,BEN,2013,54.16261
Benin,BEN,2014,48.18699
Benin,BEN,2015,222.58164
Benin,BEN,2016,1014.688
Benin,BEN,2017,624.89154
Benin,BEN,2018,1762.48627
Benin,BEN,2019,3116.43422
Benin,BEN,2020,539.82938
Bhutan,BTN,2005,598.59965
Bhutan,BTN,2006,527.32391
Bhutan,BTN,2007,304.90766
Bhutan,BTN,2008,282.52839
Bhutan,BTN,2009,255.48465
Bhutan,BTN,2010,245.75251
Bhutan,BTN,2011,261.06048
Bhutan,BTN,2012,273.63084
Bhutan,BTN,2013,279.26216
Bhutan,BTN,2014,119.43856
Bhutan,BTN,2015,96.95631
Bhutan,BTN,2017,35.34755
Bhutan,BTN,2018,32.90042
Bolivia,BOL,2005,155.30647
Bolivia,BOL,2006,269.62631
Bolivia,BOL,2007,178.01027
Bolivia,BOL,2008,349.93474
Bolivia,BOL,2009,973.38581
Bolivia,BOL,2010,1383.47296
Bolivia,BOL,2011,1270.83054
Bolivia,BOL,2012,579.50545
Bolivia,BOL,2013,100.2875
Bolivia,BOL,2014,90.83315
Bolivia,BOL,2015,12.53592
Botswana,BWA,2014,0.27825
Botswana,BWA,2017,300.85439
Botswana,BWA,2018,283.35908
Brazil,BRA,2005,164.16618
Brazil,BRA,2006,131.3571
Brazil,BRA,2007,136.04363
Brazil,BRA,2008,386.95638
Brazil,BRA,2009,596.60552
Brazil,BRA,2010,299.66425
Brazil,BRA,2011,225.31141
Brazil,BRA,2012,214.25704
Brazil,BRA,2013,470.78905
Brazil,BRA,2014,254.13604
Brazil,BRA,2015,310.31816
Brazil,BRA,2016,111.23065
Brazil,BRA,2017,211.99224
Bulgaria,BGR,2005,89.82024
Bulgaria,BGR,2006,7.12305
Bulgaria,BGR,2007,20.40984
Bulgaria,BGR,2008,6.80002
Bulgaria,BGR,2009,0.83292
Bulgaria,BGR,2010,12.61273
Bulgaria,BGR,2012,118.60716
Bulgaria,BGR,2013,2.36165
Bulgaria,BGR,2014,71.29768
Bulgaria,BGR,2015,20.71631
Bulgaria,BGR,2016,30.9074
Bulgaria,BGR,2017,94.68039
Bulgaria,BGR,2018,8.87138
Bulgaria,BGR,2019,6.17139
Burkina Faso,BFA,2005,35.15864
Burkina Faso,BFA,2006,138.87575
Burkina Faso,BFA,2007,945.81733
Burkina Faso,BFA,2008,71.27745
Burkina Faso,BFA,2009,1236.74693
Burkina Faso,BFA,2010,185.73544
Burkina Faso,BFA,2011,66.43666
Burkina Faso,BFA,2012,50.37187
Burkina Faso,BFA,2013,24.22819
Burkina Faso,BFA,2014,74.54537
Burkina Faso,BFA,2015,129.83392
Burkina Faso,BFA,2016,200.0221
Burkina Faso,BFA,2017,173.79658
Burkina Faso,BFA,2018,122.54447
Burundi,BDI,2015,462.79494
Burundi,BDI,2016,303.96725
Burundi,BDI,2017,529.78408
Burundi,BDI,2018,902.39632
Cambodia,KHM,2005,71.07696
Cambodia,KHM,2006,68.6704
Cambodia,KHM,2007,97.02692
Cambodia,KHM,2008,123.86283
Cambodia,KHM,2009,252.11806
Cambodia,KHM,2010,213.00297
Cambodia,KHM,2011,214.38232
Cambodia,KHM,2012,105.28315
Cambodia,KHM,2013,315.94212
Cambodia,KHM,2014,55.02027
Cambodia,KHM,2015,184.87812
Cambodia,KHM,2016,141.27676
Cambodia,KHM,2017,281.90335
Cambodia,KHM,2018,184.55369
Cambodia,KHM,2019,495.32103
Cambodia,KHM,2020,0.11612
Cameroon,CMR,2005,40.42067
Cameroon,CMR,2006,36.92611
Cameroon,CMR,2007,33.68744
Cameroon,CMR,2008,58.85566
Cameroon,CMR,2009,47.7619
Cameroon,CMR,2011,26.80916
Cameroon,CMR,2012,280.65188
Cameroon,CMR,2014,115.81214
Cameroon,CMR,2015,18.296
Cameroon,CMR,2016,14.33019
Cameroon,CMR,2017,2.25841
Cameroon,CMR,2018,5.86808
Cameroon,CMR,2019,308.78671
Cape Verde,CPV,2009,0.78642
Cape Verde,CPV,2014,180.53217
Cape Verde,CPV,2017,1.67392
Chile,CHL,2005,124.02764
Chile,CHL,2006,101.76237
Chile,CHL,2007,111.99949
Chile,CHL,2008,146.08552
Chile,CHL,2009,226.76336
Chile,CHL,2010,4233.64446
Chile,CHL,2011,32.76891
Chile,CHL,2012,6.35767
Chile,CHL,2013,19.19213
Chile,CHL,2014,210.10122
Chile,CHL,2015,252.04459
Chile,CHL,2016,3.57238
Chile,CHL,2017,86.24899
China,CHN,2015,631.63718
China,CHN,2016,885.2635
China,CHN,2017,479.2322
China,CHN,2018,465.37295
China,CHN,2019,453.07218
Colombia,COL,2005,592.62379
Colombia,COL,2006,525.65597
Colombia,COL,2007,384.98025
Colombia,COL,2008,1304.9742
Colombia,COL,2009,544.00257
Colombia,COL,2010,5206.61318
Colombia,COL,2011,4617.208
Colombia,COL,2012,988.99307
Colombia,COL,2013,595.38522
Colombia,COL,2014,520.73373
Colombia,COL,2015,437.32803
Colombia,COL,2016,1173.35363
Colombia,COL,2017,482.93615
Colombia,COL,2018,389.76013
Colombia,COL,2019,247.36577
Colombia,COL,2020,438.25368
Comoros,COM,2005,330.8815
Comoros,COM,2009,10.45827
Comoros,COM,2011,65.35521
Comoros,COM,2012,9192.14647
Comoros,COM,2013,143.58756
Comoros,COM,2014,881.334
Comoros,COM,2015,396.62913
Comoros,COM,2016,35.60118
Comoros,COM,2017,69.47852
Comoros,COM,2019,6712.66659
Cook Islands,COK,2005,8814.8925
Cook Islands,COK,2010,24157.24228
Costa Rica,CRI,2005,535.53306
Costa Rica,CRI,2006,5.21192
Costa Rica,CRI,2007,110.24363
Costa Rica,CRI,2008,23357.92487
Costa Rica,CRI,2009,11.8413
Costa Rica,CRI,2010,147.00507
Costa Rica,CRI,2011,0.13066
Costa Rica,CRI,2012,231.4479
Costa Rica,CRI,2013,0.33947
Costa Rica,CRI,2014,76.39449
Costa Rica,CRI,2015,30.89113
Costa Rica,CRI,2016,208.26637
Costa Rica,CRI,2017,545.83332
Costa Rica,CRI,2018,0.1519
Costa Rica,CRI,2019,3277.22485
Costa Rica,CRI,2020,3328.99779
Cote d'Ivoire,CIV,2005,6.63597
Cote d'Ivoire,CIV,2006,0.0278
Cote d'Ivoire,CIV,2007,0.15648
Cote d'Ivoire,CIV,2009,0.86323
Cote d'Ivoire,CIV,2010,9.99856
Cote d'Ivoire,CIV,2011,0.0428
Cote d'Ivoire,CIV,2013,3.47255
Cote d'Ivoire,CIV,2014,44.98032
Cote d'Ivoire,CIV,2015,29.7811
Croatia,HRV,2017,175.73384
Cuba,CUB,2005,4824.07593
Cuba,CUB,2006,48.67702
Cuba,CUB,2007,1603.1506
Cuba,CUB,2008,17362.76645
Cuba,CUB,2012,7071.97113
Cuba,CUB,2016,1246.6997
Cuba,CUB,2017,4797.45492
Cuba,CUB,2018,221.66953
Cyprus,CYP,2005,3.89785
Cyprus,CYP,2006,2.24304
Cyprus,CYP,2007,18.93354
Cyprus,CYP,2008,2.63521
Cyprus,CYP,2009,144.67098
Cyprus,CYP,2010,36.43725
Cyprus,CYP,2011,54.06032
Cyprus,CYP,2012,1.03938
Cyprus,CYP,2013,0.2331
Cyprus,CYP,2014,155.13577
Cyprus,CYP,2015,10.37369
Cyprus,CYP,2016,1.16986
Cyprus,CYP,2017,7.80087
Cyprus,CYP,2018,107.46293
Czechia,CZE,2016,2.36321
Czechia,CZE,2017,527.81065
Djibouti,DJI,2005,6.00273
Djibouti,DJI,2006,16.067
Djibouti,DJI,2007,1.5868
Djibouti,DJI,2008,9.4121
Djibouti,DJI,2009,17.23381
Djibouti,DJI,2010,4.63696
Djibouti,DJI,2011,17.59158
Djibouti,DJI,2012,1.46232
Dominica,DMA,2007,5399.48253
Dominica,DMA,2009,5.65395
Dominica,DMA,2010,969.88548
Dominica,DMA,2011,613.09362
Dominica,DMA,2012,30.22496
Dominica,DMA,2013,6073.96135
Dominica,DMA,2014,12.77738
Ecuador,ECU,2005,55.66603
Ecuador,ECU,2006,95.47662
Ecuador,ECU,2007,70.51851
Ecuador,ECU,2008,421.9415
Ecuador,ECU,2009,57.20725
Ecuador,ECU,2010,16.31223
Ecuador,ECU,2011,3.18346
Ecuador,ECU,2012,47.27152
Ecuador,ECU,2013,171.96825
Ecuador,ECU,2014,133.44415
Ecuador,ECU,2016,495.62187
Ecuador,ECU,2017,142.80284
Ecuador,ECU,2019,0.26639
Egypt,EGY,2005,36.27453
Egypt,EGY,2006,35.47349
Egypt,EGY,2007,43.14972
Egypt,EGY,2008,49.45237
Egypt,EGY,2009,47.70092
Egypt,EGY,2010,47.3841
Egypt,EGY,2011,35.18832
Egypt,EGY,2012,27.36282
Egypt,EGY,2013,27.45868
Egypt,EGY,2014,28.68671
Egypt,EGY,2015,22.85128
Egypt,EGY,2016,23.81042
Egypt,EGY,2017,21.33428
Egypt,EGY,2018,18.93457
Egypt,EGY,2019,23.09093
Egypt,EGY,2020,155.37656
El Salvador,SLV,2005,425.11866
El Salvador,SLV,2006,304.78249
El Salvador,SLV,2007,294.37201
El Salvador,SLV,2008,665.47763
El Salvador,SLV,2009,174.02812
El Salvador,SLV,2010,465.10614
El Salvador,SLV,2011,966.8151
El Salvador,SLV,2012,25.05559
El Salvador,SLV,2013,14.9469
El Salvador,SLV,2014,22.29201
El Salvador,SLV,2015,31.24478
Equatorial Guinea,GNQ,2010,0.73983
Equatorial Guinea,GNQ,2012,6.641
Equatorial Guinea,GNQ,2013,0.73801
Equatorial Guinea,GNQ,2014,1.06289
Equatorial Guinea,GNQ,2016,112.99791
Equatorial Guinea,GNQ,2017,20.19129
Estonia,EST,2005,137.51361
Estonia,EST,2010,45.06281
Eswatini,SWZ,2005,217.33121
Eswatini,SWZ,2006,217.82136
Eswatini,SWZ,2007,41467.95337
Eswatini,SWZ,2008,27900.25074
Eswatini,SWZ,2009,24785.50736
Eswatini,SWZ,2010,18262.23631
Eswatini,SWZ,2011,15568.00931
Eswatini,SWZ,2012,9415.39538
Eswatini,SWZ,2013,20226.07894
Eswatini,SWZ,2014,23348.1801
Eswatini,SWZ,2015,17947.24735
Eswatini,SWZ,2016,56762.46207
Eswatini,SWZ,2017,16401.10931
Eswatini,SWZ,2018,52.22873
Eswatini,SWZ,2019,33606.61121
Ethiopia,ETH,2005,7584.6735
Ethiopia,ETH,2006,13827.71409
Ethiopia,ETH,2007,4281.55325
Ethiopia,ETH,2008,3115.50734
Ethiopia,ETH,2009,6444.42828
Ethiopia,ETH,2010,7983.47314
Ethiopia,ETH,2011,3490.31934
Ethiopia,ETH,2012,3916.52934
Ethiopia,ETH,2013,3051.18013
Ethiopia,ETH,2014,2216.55335
Ethiopia,ETH,2015,8790.95299
Ethiopia,ETH,2016,11035.84513
Ethiopia,ETH,2017,10189.86438
Ethiopia,ETH,2018,8561.16494
Ethiopia,ETH,2019,8284.27972
Fiji,FJI,2006,8.66401
Fiji,FJI,2007,1.71988
Fiji,FJI,2008,109.98692
Fiji,FJI,2009,1719.64339
Fiji,FJI,2010,899.55428
Fiji,FJI,2011,46.31674
Fiji,FJI,2012,4370.12494
Fiji,FJI,2016,72748.06426
Fiji,FJI,2018,17572.48237
Fiji,FJI,2019,8775.73716
Fiji,FJI,2020,26594.12527
Finland,FIN,2005,11.64789
Finland,FIN,2006,8.61872
Finland,FIN,2007,6.13152
Finland,FIN,2008,8.44862
Finland,FIN,2009,6.31607
Finland,FIN,2010,6.0276
Finland,FIN,2011,4.27677
Finland,FIN,2012,7.371
Finland,FIN,2013,4.49437
Finland,FIN,2014,5.02581
Finland,FIN,2015,3.77737
Finland,FIN,2016,4.85896
Finland,FIN,2017,4.95182
Finland,FIN,2018,5.52483
Finland,FIN,2019,1.23198
France,FRA,2016,6.54773
France,FRA,2017,17.34202
France,FRA,2018,12.74617
Gambia,GMB,2008,52.17975
Gambia,GMB,2009,1220.56529
Gambia,GMB,2010,3109.11778
Gambia,GMB,2012,23130.79655
Gambia,GMB,2013,177.68866
Gambia,GMB,2015,119.93934
Gambia,GMB,2016,1583.74619
Gambia,GMB,2017,3023.3456
Gambia,GMB,2018,4092.82336
Gambia,GMB,2019,4115.75341
Georgia,GEO,2017,2.76408
Georgia,GEO,2018,5.30883
Georgia,GEO,2019,2.34905
Ghana,GHA,2011,0.04334
Ghana,GHA,2012,18.9439
Ghana,GHA,2013,0.02678
Ghana,GHA,2014,0.02995
Ghana,GHA,2015,0.5566
Ghana,GHA,2016,0.76416
Ghana,GHA,2017,240.22799
Ghana,GHA,2018,13.03845
Ghana,GHA,2020,71872.39805
Grenada,GRD,2005,29138.93969
Grenada,GRD,2009,0.9508
Grenada,GRD,2011,72.18727
Guatemala,GTM,2007,99.32084
Guatemala,GTM,2008,149.96007
Guatemala,GTM,2009,11.70133
Guatemala,GTM,2010,195.19817
Guatemala,GTM,2011,58.95091
Guatemala,GTM,2012,391.12839
Guatemala,GTM,2013,15.16407
Guatemala,GTM,2014,197.74931
Guatemala,GTM,2015,105.06879
Guatemala,GTM,2016,272.17717
Guatemala,GTM,2017,551.75459
Guatemala,GTM,2018,152.48348
Guatemala,GTM,2019,58.66689
Guatemala,GTM,2020,4529.55317
Guinea-Bissau,GNB,2017,214.58104
Guinea-Bissau,GNB,2018,0.5679
Guyana,GUY,2005,75877.03266
Guyana,GUY,2006,9181.24486
Guyana,GUY,2007,61.54384
Guyana,GUY,2008,56.70351
Guyana,GUY,2009,50.98065
Guyana,GUY,2010,100.51192
Guyana,GUY,2011,585.69987
Guyana,GUY,2012,42.18426
Guyana,GUY,2013,638.43804
Honduras,HND,2005,549.7198
Honduras,HND,2006,73.72044
Honduras,HND,2007,577.48809
Honduras,HND,2008,1274.80454
Honduras,HND,2009,845.67549
Honduras,HND,2010,1289.03963
Honduras,HND,2011,1.07117
Honduras,HND,2012,11.79477
Honduras,HND,2013,10.25681
Honduras,HND,2014,5.46717
Honduras,HND,2015,5.68995
Honduras,HND,2016,9.81104
Honduras,HND,2017,21.53504
Honduras,HND,2018,9.5093
Honduras,HND,2020,623.55902
India,IND,2015,14742.57505
India,IND,2016,13705.7288
India,IND,2017,13380.79392
India,IND,2018,10738.61094
India,IND,2019,4000.65099
Indonesia,IDN,2005,259.03793
Indonesia,IDN,2006,920.10924
Indonesia,IDN,2007,486.08892
Indonesia,IDN,2008,171.70202
Indonesia,IDN,2009,1237.74396
Indonesia,IDN,2010,139.71016
Indonesia,IDN,2011,152.44677
Indonesia,IDN,2012,110.62352
Indonesia,IDN,2013,181.65881
Indonesia,IDN,2014,110.87352
Indonesia,IDN,2015,50.09236
Indonesia,IDN,2016,93.48869
Indonesia,IDN,2017,95.53922
Indonesia,IDN,2018,4200.03929
Indonesia,IDN,2019,39.78488
Iran,IRN,2005,163.98786
Iran,IRN,2006,428.66189
Iran,IRN,2007,15.74666
Iran,IRN,2008,14.59757
Iran,IRN,2009,15.73983
Iran,IRN,2010,42.85636
Iran,IRN,2011,643.59367
Iraq,IRQ,2007,76.42995
Iraq,IRQ,2008,220.56199
Iraq,IRQ,2009,229.38015
Iraq,IRQ,2010,202.18699
Iraq,IRQ,2011,200.76895
Iraq,IRQ,2012,201.66832
Iraq,IRQ,2013,199.71903
Iraq,IRQ,2014,197.95056
Iraq,IRQ,2015,208.91385
Iraq,IRQ,2016,193.58224
Iraq,IRQ,2017,194.289
Iraq,IRQ,2018,37.89458
Ireland,IRL,2016,44.07937
Jamaica,JAM,2005,1054.3882
Jamaica,JAM,2006,10.00339
Jamaica,JAM,2007,4934.87608
Jamaica,JAM,2008,1112.22996
Jamaica,JAM,2009,3.45009
Jamaica,JAM,2010,286.70758
Jamaica,JAM,2011,1.92737
Jamaica,JAM,2012,1206.80502
Japan,JPN,2015,54.38226
Japan,JPN,2016,173.89704
Japan,JPN,2017,44.96331
Japan,JPN,2018,350.9673
Jordan,JOR,2005,4.20667
Jordan,JOR,2006,5.53306
Jordan,JOR,2007,4.70029
Jordan,JOR,2008,1.25536
Jordan,JOR,2009,1.55624
Jordan,JOR,2010,2.94118
Jordan,JOR,2011,1.0725
Jordan,JOR,2012,0.14811
Jordan,JOR,2013,9.52674
Jordan,JOR,2014,11.23353
Jordan,JOR,2015,13.27149
Jordan,JOR,2016,17.46275
Jordan,JOR,2017,14.4335
Jordan,JOR,2018,7.3237
Jordan,JOR,2019,1.43074
Jordan,JOR,2020,0.15672
Kazakhstan,KAZ,2005,2.93929
Kazakhstan,KAZ,2011,8.45976
Kazakhstan,KAZ,2014,0.01735
Kazakhstan,KAZ,2015,0.02145
Kazakhstan,KAZ,2016,25.42179
Kazakhstan,KAZ,2017,125.80447
Kazakhstan,KAZ,2018,85.6706
Kazakhstan,KAZ,2019,1.89996
Kazakhstan,KAZ,2020,1001.39852
Kenya,KEN,2005,0.19921
Kenya,KEN,2006,10.39556
Kenya,KEN,2007,0.31196
Kenya,KEN,2008,28.9122
Kenya,KEN,2009,143.60856
Kenya,KEN,2010,98.72086
Kenya,KEN,2011,14.22797
Kenya,KEN,2012,30.93665
Kenya,KEN,2013,3.59679
Kenya,KEN,2014,4.54862
Kenya,KEN,2015,40.60299
Kenya,KEN,2016,5.55657
Kenya,KEN,2017,0.0608
Kenya,KEN,2019,1.68824
Kenya,KEN,2020,5.19041
Kiribati,KIR,2014,161.46789
Kiribati,KIR,2020,13.61952
Korea,,2005,31.14532
Korea,,2006,55.66729
Korea,,2007,36.94187
Korea,,2008,11.2946
Korea,,2009,1528.4374
Korea,,2010,308.97818
Korea,,2011,170.62742
Korea,,2012,52.03314
Korea,,2013,10.40311
Korea,,2014,21.83325
Korea,,2015,1.05543
Korea,,2016,17.80979
Korea,,2017,42.9559
Korea,,2018,25.5629
Korea,,2019,17.75809
Kosovo,OWID_KOS,2005,1.94366
Kosovo,OWID_KOS,2006,305.87903
Kosovo,OWID_KOS,2007,105.33387
Kosovo,OWID_KOS,2008,40.40042
Kosovo,OWID_KOS,2009,5.7914
Kosovo,OWID_KOS,2010,56.51297
Kosovo,OWID_KOS,2011,30.0335
Kosovo,OWID_KOS,2012,1570.90674
Kosovo,OWID_KOS,2013,152.1627
Kosovo,OWID_KOS,2014,191.52496
Kosovo,OWID_KOS,2015,56.74349
Kuwait,KWT,2011,0.0308
Kyrgyzstan,KGZ,2005,204.1433
Kyrgyzstan,KGZ,2012,29.26932
Kyrgyzstan,KGZ,2015,537.73473
Kyrgyzstan,KGZ,2016,116.0422
Kyrgyzstan,KGZ,2017,19.64431
Kyrgyzstan,KGZ,2018,34.77872
Kyrgyzstan,KGZ,2019,18
Kyrgyzstan,KGZ,2020,1253.40421
Laos,LAO,2005,392.10511
Laos,LAO,2006,59.20577
Laos,LAO,2007,1366.35601
Laos,LAO,2008,844.49012
Laos,LAO,2009,1815.21821
Laos,LAO,2010,858.94552
Laos,LAO,2011,6215.47315
Laos,LAO,2012,49.43705
Lebanon,LBN,2005,0.11332
Lebanon,LBN,2006,0.38859
Lebanon,LBN,2007,2.11899
Lebanon,LBN,2008,10.03353
Lebanon,LBN,2009,2.10423
Lebanon,LBN,2012,1.65222
Lebanon,LBN,2013,0.86251
Lebanon,LBN,2014,0.41527
Lebanon,LBN,2016,1.68867
Lebanon,LBN,2017,4.95305
Lebanon,LBN,2018,1.16806
Lebanon,LBN,2019,8.8098
Liberia,LBR,2020,1609.76938
Madagascar,MDG,2005,223.24727
Madagascar,MDG,2006,135.7383
Madagascar,MDG,2007,1516.36382
Madagascar,MDG,2008,3378.11483
Madagascar,MDG,2009,112.85275
Madagascar,MDG,2010,784.7576
Madagascar,MDG,2011,646.05079
Madagascar,MDG,2012,1956.99367
Madagascar,MDG,2013,1091.37694
Madagascar,MDG,2014,140.69897
Madagascar,MDG,2015,197.64414
Madagascar,MDG,2016,185.22905
Madagascar,MDG,2017,2608.25448
Madagascar,MDG,2018,750.47592
Malawi,MWI,2005,35779.02616
Malawi,MWI,2006,26241.52352
Malawi,MWI,2007,2349.96019
Malawi,MWI,2008,9534.23611
Malawi,MWI,2009,2408.70343
Malawi,MWI,2010,1535.30928
Malawi,MWI,2011,27651.78029
Malawi,MWI,2012,26730.32522
Malawi,MWI,2013,9862.77755
Malawi,MWI,2014,5239.82496
Malawi,MWI,2015,13185.1591
Malawi,MWI,2016,1888.14637
Malawi,MWI,2017,568.61125
Malawi,MWI,2018,782.82998
Malawi,MWI,2019,26972
Malawi,MWI,2020,667.91767
Malaysia,MYS,2005,39.00098
Malaysia,MYS,2006,118.79517
Malaysia,MYS,2007,163.47973
Malaysia,MYS,2008,23.37164
Malaysia,MYS,2009,50.7131
Malaysia,MYS,2010,34.56623
Malaysia,MYS,2011,54.3562
Malaysia,MYS,2012,224.76449
Malaysia,MYS,2013,488.99399
Malaysia,MYS,2014,1816.15188
Malaysia,MYS,2015,90.80775
Malaysia,MYS,2016,259.47022
Malaysia,MYS,2017,557.34427
Malaysia,MYS,2018,159.01588
Malaysia,MYS,2019,548.52769
Malaysia,MYS,2020,635.00197
Maldives,MDV,2005,344.51533
Maldives,MDV,2006,1835.78239
Maldives,MDV,2007,1510.94207
Maldives,MDV,2008,42.64647
Maldives,MDV,2017,14.47285
Mali,MLI,2006,57.89469
Mali,MLI,2007,271.93785
Mali,MLI,2008,34.60072
Mali,MLI,2009,143.10831
Mali,MLI,2010,435.04402
Mali,MLI,2011,87.37594
Mali,MLI,2012,509.12743
Mali,MLI,2013,70.56084
Mali,MLI,2014,35.28204
Mali,MLI,2017,1372.72477
Marshall Islands,MHL,2008,180.3291
Marshall Islands,MHL,2014,526.73163
Marshall Islands,MHL,2016,51642.27398
Marshall Islands,MHL,2017,13222.8451
Marshall Islands,MHL,2019,67429.17341
Marshall Islands,MHL,2020,106697.01644
Mauritius,MUS,2005,94.93713
Mauritius,MUS,2006,70.70473
Mauritius,MUS,2007,115.85732
Mauritius,MUS,2008,239.87733
Mauritius,MUS,2009,48.2035
Mauritius,MUS,2010,12.48249
Mauritius,MUS,2011,7.94221
Mauritius,MUS,2012,25.58874
Mauritius,MUS,2013,310.3422
Mauritius,MUS,2014,9.65397
Mexico,MEX,2005,482.9479
Mexico,MEX,2006,200.5872
Mexico,MEX,2007,834.16552
Mexico,MEX,2008,225.43452
Mexico,MEX,2009,179.9967
Mexico,MEX,2010,801.51442
Mexico,MEX,2011,176.07739
Mexico,MEX,2012,179.16518
Mexico,MEX,2013,208.13155
Mexico,MEX,2014,131.33293
Mexico,MEX,2015,45.6434
Mexico,MEX,2016,72.91465
Mexico,MEX,2017,772.26677
Mexico,MEX,2018,695.24351
Mexico,MEX,2019,535.47284
Mexico,MEX,2020,42.62933
Micronesia (region),,2018,1213.96928
Micronesia (region),,2019,29266.63215
Mongolia,MNG,2005,216.45726
Mongolia,MNG,2006,223.32299
Mongolia,MNG,2007,267.47355
Mongolia,MNG,2008,374.01231
Mongolia,MNG,2009,234.43871
Mongolia,MNG,2010,329.05126
Mongolia,MNG,2011,246.33082
Mongolia,MNG,2012,309.33724
Mongolia,MNG,2013,324.98634
Mongolia,MNG,2014,281.94739
Mongolia,MNG,2015,1278.17978
Mongolia,MNG,2016,2855.94091
Mongolia,MNG,2017,462.4612
Mongolia,MNG,2018,357.01945
Mongolia,MNG,2019,276.85359
Mongolia,MNG,2020,255.43428
Montenegro,MNE,2005,364.50861
Montenegro,MNE,2006,54.33803
Montenegro,MNE,2007,16.61893
Montenegro,MNE,2008,376.69582
Montenegro,MNE,2009,94.01657
Montenegro,MNE,2010,579.63172
Montenegro,MNE,2011,39.63004
Montenegro,MNE,2012,1813.18822
Montenegro,MNE,2013,163.64448
Montenegro,MNE,2014,61.38097
Montenegro,MNE,2015,125.36282
Montenegro,MNE,2016,21.77127
Montenegro,MNE,2017,358.73185
Montenegro,MNE,2018,1211.68008
Morocco,MAR,2005,1.66214
Morocco,MAR,2006,0.09505
Morocco,MAR,2007,0.80713
Morocco,MAR,2008,3.81071
Morocco,MAR,2009,174.42919
Morocco,MAR,2010,26.01661
Morocco,MAR,2011,0.0031
Morocco,MAR,2013,0.16085
Morocco,MAR,2014,0.26355
Morocco,MAR,2015,0.25495
Morocco,MAR,2016,2.92288
Morocco,MAR,2017,0.0746
Morocco,MAR,2018,4.35838
Morocco,MAR,2019,2.11034
Mozambique,MOZ,2005,122.2338
Mozambique,MOZ,2006,139.60031
Mozambique,MOZ,2007,1233.26726
Mozambique,MOZ,2008,2051.34052
Mozambique,MOZ,2009,119.53774
Mozambique,MOZ,2010,15.87481
Mozambique,MOZ,2011,76.36869
Mozambique,MOZ,2012,146.87939
Mozambique,MOZ,2015,1585.91967
Mozambique,MOZ,2016,6065.54597
Mozambique,MOZ,2017,1752.01488
Mozambique,MOZ,2018,232.07503
Myanmar,MMR,2005,188.51613
Myanmar,MMR,2006,184.02142
Myanmar,MMR,2007,92.09428
Myanmar,MMR,2008,39743.9635
Myanmar,MMR,2009,345.71152
Myanmar,MMR,2010,1095.60936
Myanmar,MMR,2011,922.09657
Myanmar,MMR,2012,644.66434
Myanmar,MMR,2013,704.45431
Myanmar,MMR,2014,138.2099
Myanmar,MMR,2015,1079.69767
Myanmar,MMR,2016,2010.48474
Myanmar,MMR,2017,1916.44938
Myanmar,MMR,2018,397.53761
Myanmar,MMR,2019,373.0662
Myanmar,MMR,2020,3.3392
Namibia,NAM,2008,10226.47157
Namibia,NAM,2009,32188.79757
Namibia,NAM,2011,6704.83158
Namibia,NAM,2013,0.36428
Namibia,NAM,2015,26333.49376
Namibia,NAM,2016,28072.61638
Namibia,NAM,2017,87.12413
Namibia,NAM,2018,400.08007
Namibia,NAM,2019,43674.03554
Nepal,NPL,2005,44.99322
Nepal,NPL,2006,267.92233
Nepal,NPL,2007,256.83276
Nepal,NPL,2008,435.97519
Nepal,NPL,2009,284.7588
Nepal,NPL,2010,700.99193
Nepal,NPL,2011,52.81095
Nepal,NPL,2012,145.60304
Nepal,NPL,2013,99.77493
Nepal,NPL,2014,1317.58049
Nepal,NPL,2015,36487.25668
Nepal,NPL,2016,297.48701
Nepal,NPL,2017,3856.26248
Nepal,NPL,2018,219.90928
Nepal,NPL,2019,619.39661
New Zealand,NZL,2015,174.32008
New Zealand,NZL,2016,1925.12571
New Zealand,NZL,2017,563.65381
New Zealand,NZL,2018,11.09405
New Zealand,NZL,2019,1.74524
Nicaragua,NIC,2005,128.7518
Nicaragua,NIC,2006,2.51908
Nicaragua,NIC,2007,996.31072
Nicaragua,NIC,2008,493.85626
Nicaragua,NIC,2009,197.65565
Nicaragua,NIC,2010,164.33195
Nicaragua,NIC,2011,99.9874
Nicaragua,NIC,2012,120.87454
Nicaragua,NIC,2013,228.7521
Niger,NER,2005,7872.32998
Niger,NER,2006,2802.24658
Niger,NER,2007,4908.94391
Niger,NER,2008,1860.88592
Niger,NER,2009,7204.85651
Niger,NER,2010,8136.46724
Niger,NER,2011,15379.22148
Niger,NER,2012,3804.71893
Niger,NER,2013,8133.48605
Niger,NER,2014,952.50782
Niger,NER,2015,26162.55482
Niger,NER,2016,33849.47556
Niger,NER,2017,26594.15226
Niger,NER,2018,22497.98212
Niger,NER,2019,96.07003
Norway,NOR,2017,399.32929
Pakistan,PAK,2005,2660.71819
Pakistan,PAK,2006,584.59014
Pakistan,PAK,2007,868.04951
Pakistan,PAK,2008,468.44806
Pakistan,PAK,2009,340.15836
Pakistan,PAK,2010,608.32356
Pakistan,PAK,2011,4470.63925
Pakistan,PAK,2012,5339.37918
Pakistan,PAK,2013,346.81548
Pakistan,PAK,2014,62.04987
Pakistan,PAK,2016,2.47045
Pakistan,PAK,2017,0.69402
Pakistan,PAK,2018,5.48372
Palau,PLW,2012,7568.85278
Palestine,PSE,2005,0.19394
Palestine,PSE,2006,0.18179
Palestine,PSE,2008,0.26173
Palestine,PSE,2009,27.23857
Palestine,PSE,2010,10.83491
Palestine,PSE,2012,5.37549
Palestine,PSE,2013,46.52574
Palestine,PSE,2015,38.34085
Palestine,PSE,2016,49.71908
Palestine,PSE,2017,43.58429
Palestine,PSE,2018,6.28346
Panama,PAN,2005,369.61915
Panama,PAN,2006,293.77397
Panama,PAN,2007,336.72205
Panama,PAN,2008,2187.9468
Panama,PAN,2009,220.17951
Panama,PAN,2010,2561.86039
Panama,PAN,2011,576.83038
Panama,PAN,2012,281.4143
Panama,PAN,2013,44.18898
Panama,PAN,2014,1667.39396
Panama,PAN,2015,62.8893
Panama,PAN,2016,98.11191
Panama,PAN,2017,69.38693
Panama,PAN,2018,81.87146
Panama,PAN,2019,34.00495
Panama,PAN,2020,0.87798
Papua New Guinea,PNG,2005,0.0346
Papua New Guinea,PNG,2006,3.6505
Papua New Guinea,PNG,2007,929.39234
Papua New Guinea,PNG,2008,587.36281
Papua New Guinea,PNG,2009,9.14971
Papua New Guinea,PNG,2012,2.31463
Papua New Guinea,PNG,2013,3.47689
Papua New Guinea,PNG,2020,41.2125
Paraguay,PRY,2005,6.90339
Paraguay,PRY,2006,100.50494
Paraguay,PRY,2007,3131.57254
Paraguay,PRY,2008,1338.86581
Paraguay,PRY,2009,8706.90805
Paraguay,PRY,2010,978.28285
Paraguay,PRY,2011,407.77738
Paraguay,PRY,2012,162.04819
Paraguay,PRY,2013,2645.4686
Paraguay,PRY,2014,4914.35479
Paraguay,PRY,2015,1202.39689
Paraguay,PRY,2017,116.97461
Paraguay,PRY,2018,1729.79291
Paraguay,PRY,2019,2844.50508
Peru,PER,2005,3462.92125
Peru,PER,2006,3676.46696
Peru,PER,2007,7587.32519
Peru,PER,2008,5064.10448
Peru,PER,2009,3344.72441
Peru,PER,2010,3098.93855
Peru,PER,2011,3626.23631
Peru,PER,2012,4000.64491
Peru,PER,2013,2575.23492
Peru,PER,2014,1143.3931
Peru,PER,2015,4823.65521
Peru,PER,2016,7540.17903
Peru,PER,2017,7540.32801
Peru,PER,2018,3617.18222
Peru,PER,2019,636.64826
Philippines,PHL,2005,132.12254
Philippines,PHL,2006,7149.8557
Philippines,PHL,2007,155.17539
Philippines,PHL,2008,9174.73347
Philippines,PHL,2009,4442.99392
Philippines,PHL,2010,1613.32646
Philippines,PHL,2011,157310.92194
Philippines,PHL,2012,5805.1474
Philippines,PHL,2013,14506.55166
Philippines,PHL,2014,9425.71558
Philippines,PHL,2015,5954.80042
Philippines,PHL,2016,8853.07609
Philippines,PHL,2017,1295.38331
Philippines,PHL,2018,5207.32918
Philippines,PHL,2019,7669.59352
Philippines,PHL,2020,4181.13294
Romania,ROU,2005,379.65418
Romania,ROU,2006,92.94814
Romania,ROU,2007,47.67515
Romania,ROU,2008,129.27262
Romania,ROU,2009,26.07595
Romania,ROU,2010,194.73573
Romania,ROU,2011,42.13068
Romania,ROU,2012,20.20801
Romania,ROU,2013,32.13275
Romania,ROU,2014,42.48465
Romania,ROU,2015,12.87009
Romania,ROU,2016,82.55322
Romania,ROU,2017,18.92147
Romania,ROU,2018,214.45288
Russia,RUS,2009,2.11578
Russia,RUS,2010,2.0356
Russia,RUS,2011,16.60029
Russia,RUS,2012,66.49005
Russia,RUS,2013,147.57198
Russia,RUS,2014,90.39237
Russia,RUS,2015,14.20643
Russia,RUS,2016,89.39181
Russia,RUS,2017,24.797
Russia,RUS,2018,34.36147
Russia,RUS,2019,82.37868
Russia,RUS,2020,8.15046
Rwanda,RWA,2016,67.12966
Saint Kitts and Nevis,KNA,2005,4.05268
Saint Kitts and Nevis,KNA,2006,120.82416
Saint Kitts and Nevis,KNA,2007,40.97551
Saint Kitts and Nevis,KNA,2008,479.53216
Saint Kitts and Nevis,KNA,2010,9.49668
Saint Kitts and Nevis,KNA,2011,25.42642
Saint Kitts and Nevis,KNA,2012,15.09434
Saint Kitts and Nevis,KNA,2013,66.03774
Saint Lucia,LCA,2007,83.84916
Saint Lucia,LCA,2008,21.13532
Saint Lucia,LCA,2009,0.60707
Saint Lucia,LCA,2010,8822.46486
Saint Lucia,LCA,2011,592.11548
Saint Lucia,LCA,2013,18.7414
Saint Vincent and the Grenadines,VCT,2005,3160.71461
Saint Vincent and the Grenadines,VCT,2006,73.99797
Saint Vincent and the Grenadines,VCT,2007,127.79489
Saint Vincent and the Grenadines,VCT,2008,11.85713
Saint Vincent and the Grenadines,VCT,2009,9.11355
Saint Vincent and the Grenadines,VCT,2010,6343.40618
Saint Vincent and the Grenadines,VCT,2011,1685.12372
Saint Vincent and the Grenadines,VCT,2012,180.42276
Saint Vincent and the Grenadines,VCT,2013,17897.13181
Saint Vincent and the Grenadines,VCT,2014,58.09353
Samoa,WSM,2008,2.72371
Samoa,WSM,2009,5640.15725
Samoa,WSM,2019,2837.59969
Senegal,SEN,2005,275.41528
Senegal,SEN,2006,11.64702
Senegal,SEN,2007,20.22198
Senegal,SEN,2008,1837.09986
Senegal,SEN,2009,2029.32997
Senegal,SEN,2010,548.30725
Senegal,SEN,2011,48.76291
Senegal,SEN,2012,86.03309
Senegal,SEN,2013,648.33138
Senegal,SEN,2014,150.43125
Senegal,SEN,2015,0.34583
Serbia,SRB,2005,239.50481
Serbia,SRB,2006,796.64643
Serbia,SRB,2007,443.17076
Serbia,SRB,2008,102.59554
Serbia,SRB,2009,448.74834
Serbia,SRB,2010,1806.46172
Serbia,SRB,2011,1955.23566
Serbia,SRB,2012,2182.87948
Serbia,SRB,2013,199.39851
Serbia,SRB,2014,2995.82699
Serbia,SRB,2015,332.39925
Serbia,SRB,2016,334.25792
Serbia,SRB,2017,15.01241
Serbia,SRB,2018,313.42175
Serbia,SRB,2019,22.92042
Serbia,SRB,2020,22.91181
Seychelles,SYC,2005,38.62309
Seychelles,SYC,2007,57.62536
Seychelles,SYC,2008,17.2501
Seychelles,SYC,2009,27.49204
Seychelles,SYC,2013,1672.05861
Seychelles,SYC,2014,31.34673
Seychelles,SYC,2017,42.13392
Sierra Leone,SLE,2006,4.7238
Sierra Leone,SLE,2009,15.74298
Sierra Leone,SLE,2010,32.58342
Sierra Leone,SLE,2011,27.94081
Sierra Leone,SLE,2012,28.68825
Sierra Leone,SLE,2013,187.24926
Sierra Leone,SLE,2014,49.82878
Sierra Leone,SLE,2015,68.38622
Slovenia,SVN,2005,1.40169
Slovenia,SVN,2006,1.19799
Slovenia,SVN,2007,0.89535
Slovenia,SVN,2008,1254.92012
Slovenia,SVN,2009,141.1658
Slovenia,SVN,2010,181.24297
Slovenia,SVN,2011,56.18994
Slovenia,SVN,2012,124.83605
Slovenia,SVN,2013,1.36
Slovenia,SVN,2014,0.77629
Slovenia,SVN,2015,1.35733
Slovenia,SVN,2016,22.28479
Slovenia,SVN,2017,46.90461
Slovenia,SVN,2018,102.183
Slovenia,SVN,2019,38.2033
Slovenia,SVN,2020,115.22711
Solomon Islands,SLB,2007,4311.49071
Solomon Islands,SLB,2009,117.6653
Solomon Islands,SLB,2010,262.13117
Solomon Islands,SLB,2011,6.32023
Solomon Islands,SLB,2012,37.0071
Solomon Islands,SLB,2013,803.14188
Somalia,SOM,2018,1.54584
South Africa,ZAF,2015,0.15831
South Africa,ZAF,2016,70.07118
South Sudan,SSD,2016,4.37622
Sri Lanka,LKA,2005,2427.63185
Sri Lanka,LKA,2006,3829.32823
Sri Lanka,LKA,2007,3520.16069
Sri Lanka,LKA,2008,8899.59004
Sri Lanka,LKA,2009,3550.21489
Sri Lanka,LKA,2010,5772.69166
Sri Lanka,LKA,2011,4018.72487
Sri Lanka,LKA,2012,5430.24725
Sri Lanka,LKA,2013,2786.43187
Sri Lanka,LKA,2014,13010.12609
Sri Lanka,LKA,2015,2403.43825
Sri Lanka,LKA,2016,34.62246
Sri Lanka,LKA,2017,219.75844
Sri Lanka,LKA,2018,6647.62806
Sri Lanka,LKA,2019,1147.67234
Sri Lanka,LKA,2020,2.77157
Sudan,SDN,2005,18026.44193
Sudan,SDN,2006,21038.70727
Sudan,SDN,2007,17546.11265
Sudan,SDN,2008,17954.23819
Sudan,SDN,2009,16477.23896
Sudan,SDN,2010,13006.0971
Sudan,SDN,2011,10066.04359
Sudan,SDN,2012,6438.23524
Sudan,SDN,2013,5522.10004
Sudan,SDN,2014,617.63387
Sudan,SDN,2015,16762.2161
Sudan,SDN,2016,788.07638
Sudan,SDN,2017,1059.95816
Sudan,SDN,2018,4947.9127
Sudan,SDN,2019,1858.66094
Sweden,SWE,2014,0.04104
Sweden,SWE,2018,1245.90904
Sweden,SWE,2020,4381.48256
Switzerland,CHE,2005,4933.27102
Switzerland,CHE,2006,5303.44709
Switzerland,CHE,2007,4326.16395
Switzerland,CHE,2008,3129.14512
Switzerland,CHE,2009,6748.43427
Switzerland,CHE,2010,3260.60522
Switzerland,CHE,2011,5466.24105
Switzerland,CHE,2012,4224.5984
Switzerland,CHE,2013,3589.83104
Switzerland,CHE,2014,2959.4912
Switzerland,CHE,2015,3200.70814
Switzerland,CHE,2016,2478.27972
Switzerland,CHE,2017,3666.82264
Switzerland,CHE,2018,6282.72343
Switzerland,CHE,2019,3905.45795
Syria,SYR,2005,13.96736
Syria,SYR,2006,13.85826
Syria,SYR,2007,6.07188
Syria,SYR,2008,60.39758
Syria,SYR,2009,3.05689
Tajikistan,TJK,2015,141.23903
Tajikistan,TJK,2016,47.95898
Tajikistan,TJK,2017,17.78884
Tajikistan,TJK,2018,36.45647
Tajikistan,TJK,2019,22.2099
Tanzania,TZA,2005,0.36135
Tanzania,TZA,2006,0.15756
Tanzania,TZA,2007,17.05927
Tanzania,TZA,2008,0.12777
Tanzania,TZA,2009,256.98856
Tanzania,TZA,2010,71.82414
Tanzania,TZA,2011,47.39219
Tanzania,TZA,2012,0.4581
Tanzania,TZA,2013,45.24642
Tanzania,TZA,2014,32.80583
Tanzania,TZA,2015,294.80297
Tanzania,TZA,2016,670.81426
Tanzania,TZA,2017,238.96659
Tanzania,TZA,2018,379.43206
Tanzania,TZA,2019,201.82498
Tanzania,TZA,2020,240.37777
Thailand,THA,2015,178.7245
Thailand,THA,2016,72.16575
Thailand,THA,2017,130.08604
Thailand,THA,2018,214.98486
Timor,TLS,2006,22979.87089
Timor,TLS,2007,3482.94274
Timor,TLS,2008,155.49075
Timor,TLS,2009,212.74707
Timor,TLS,2010,2457.88024
Timor,TLS,2011,451.71503
Timor,TLS,2012,482.78143
Timor,TLS,2013,1141.26913
Timor,TLS,2014,476.43582
Timor,TLS,2015,770.39586
Timor,TLS,2016,93.75461
Timor,TLS,2017,46.28305
Togo,TGO,2005,5.79153
Togo,TGO,2006,45.39397
Togo,TGO,2007,1424.54199
Togo,TGO,2008,1305.56496
Togo,TGO,2009,83.04491
Togo,TGO,2010,247.19392
Togo,TGO,2011,73.56037
Togo,TGO,2012,51.00529
Togo,TGO,2013,85.5534
Togo,TGO,2014,144.60639
Togo,TGO,2015,11.89378
Togo,TGO,2016,149.37512
Togo,TGO,2017,61.45166
Togo,TGO,2018,30.4543
Togo,TGO,2019,249.03029
Togo,TGO,2020,101052.5824
Tonga,TON,2006,4.90239
Tonga,TON,2009,6.78406
Tonga,TON,2010,1327.6599
Tonga,TON,2011,334.13396
Tonga,TON,2014,4374.71569
Tonga,TON,2016,1280.66288
Tonga,TON,2018,81954.79951
Trinidad and Tobago,TTO,2005,1.236
Trinidad and Tobago,TTO,2014,0.29732
Trinidad and Tobago,TTO,2015,430.9952
Trinidad and Tobago,TTO,2016,373.58879
Trinidad and Tobago,TTO,2017,1742.32825
Trinidad and Tobago,TTO,2018,3528.85867
Trinidad and Tobago,TTO,2019,2869.53302
Trinidad and Tobago,TTO,2020,1196.59593
Tunisia,TUN,2005,0.22036
Tunisia,TUN,2006,2.01424
Tunisia,TUN,2007,14.16661
Tunisia,TUN,2008,37.66616
Tunisia,TUN,2009,187.43232
Tunisia,TUN,2010,0.27873
Tunisia,TUN,2011,15.49991
Tunisia,TUN,2012,13.62829
Tunisia,TUN,2013,2.32396
Tunisia,TUN,2018,162.86115
Turkey,TUR,2005,44.1009
Turkey,TUR,2006,12.57296
Turkey,TUR,2007,76.78407
Turkey,TUR,2008,2.00511
Turkey,TUR,2009,3.91531
Turkey,TUR,2010,165.88582
Turkey,TUR,2011,98.74837
Turkey,TUR,2012,3.62435
Turkey,TUR,2013,0.70173
Turkey,TUR,2014,1.09143
Turkey,TUR,2015,60.32176
Turkey,TUR,2016,30.76844
Turkey,TUR,2017,44.25389
Turkey,TUR,2018,34.15029
Turkey,TUR,2019,180.70525
Tuvalu,TUV,2016,8941.63841
Tuvalu,TUV,2020,38568.52103
Uganda,UGA,2005,63.83201
Uganda,UGA,2006,27.26471
Uganda,UGA,2007,238.74338
Uganda,UGA,2008,46.0826
Uganda,UGA,2009,18.66816
Uganda,UGA,2010,82.35304
Uganda,UGA,2011,109.58694
Uganda,UGA,2012,179.14675
Uganda,UGA,2013,54.71455
Uganda,UGA,2014,20.79048
Uganda,UGA,2015,23.98885
Uganda,UGA,2016,47.19043
Uganda,UGA,2017,286.86226
Uganda,UGA,2020,0.02183
Ukraine,UKR,2005,8.23277
Ukraine,UKR,2006,13.03766
Ukraine,UKR,2007,109.48108
Ukraine,UKR,2008,88.99351
Ukraine,UKR,2009,49.63496
Ukraine,UKR,2010,42.8899
Ukraine,UKR,2011,5.801
Ukraine,UKR,2012,6.445
Ukraine,UKR,2013,30.11194
Ukraine,UKR,2014,21.15487
Ukraine,UKR,2015,12.58503
Ukraine,UKR,2016,108.29456
Ukraine,UKR,2017,76.80791
Ukraine,UKR,2018,6.13026
Ukraine,UKR,2019,108.06362
Ukraine,UKR,2020,2788.44218
United Arab Emirates,ARE,2007,0.23916
United Arab Emirates,ARE,2008,2.33207
United Arab Emirates,ARE,2009,0.74523
United Arab Emirates,ARE,2010,0.83041
United Arab Emirates,ARE,2011,0.91651
United Arab Emirates,ARE,2012,2.25334
United Arab Emirates,ARE,2013,5.60992
United Arab Emirates,ARE,2014,3.87454
United Arab Emirates,ARE,2015,6.42132
United Arab Emirates,ARE,2016,3.54121
United Arab Emirates,ARE,2017,1.46169
United Arab Emirates,ARE,2018,2.30601
United Arab Emirates,ARE,2019,2.22018
United Arab Emirates,ARE,2020,0.77638
United States,USA,2015,80.82486
United States,USA,2016,178.62257
United States,USA,2017,645.01237
United States,USA,2018,162.74297
United States,USA,2019,41.73005
Uruguay,URY,2005,328.85817
Uruguay,URY,2006,43.98387
Uruguay,URY,2007,576.70968
Uruguay,URY,2008,7.51854
Uruguay,URY,2009,421.83145
Uruguay,URY,2010,280.46812
Uruguay,URY,2011,13.78962
Uruguay,URY,2012,128.0264
Uruguay,URY,2013,300.96582
Uruguay,URY,2014,324.86987
Uruguay,URY,2015,1122.72921
Uruguay,URY,2016,1252.59251
Uruguay,URY,2017,354.63135
Uruguay,URY,2018,21.42051
Uruguay,URY,2019,526.26762
Uruguay,URY,2020,568.46501
Uzbekistan,UZB,2019,0.00298
Vanuatu,VUT,2007,1.78571
Vanuatu,VUT,2008,26.20087
Vanuatu,VUT,2009,180.32416
Vanuatu,VUT,2010,209.10402
Vanuatu,VUT,2011,101.50676
Vanuatu,VUT,2012,11.21637
Vanuatu,VUT,2014,58.32297
Vanuatu,VUT,2018,8546.60701
Vanuatu,VUT,2019,6.6065
Vanuatu,VUT,2020,88950.79994
Venezuela,VEN,2005,162.85854
Venezuela,VEN,2006,92.96071
Venezuela,VEN,2007,490.01088
Venezuela,VEN,2008,50.09768
Venezuela,VEN,2009,21.33624
Venezuela,VEN,2010,92.18692
Venezuela,VEN,2011,124.74507
Venezuela,VEN,2012,139.0101
Venezuela,VEN,2013,37.23298
Venezuela,VEN,2014,49.64179
Venezuela,VEN,2015,2.63489
Vietnam,VNM,2005,138.68375
Vietnam,VNM,2006,1078.15111
Vietnam,VNM,2007,270.42915
Vietnam,VNM,2008,205.8771
Vietnam,VNM,2009,472.79772
Vietnam,VNM,2010,735.26186
Yemen,YEM,2005,7191.35892
Yemen,YEM,2006,9649.58227
Yemen,YEM,2007,5752.21501
Yemen,YEM,2008,13565.42843
Yemen,YEM,2009,3785.73699
Yemen,YEM,2010,9.57885
Zambia,ZMB,2006,35.04867
Zambia,ZMB,2008,12.80769
Zambia,ZMB,2009,86.82859
Zambia,ZMB,2010,5.35356
Zambia,ZMB,2012,15.3054
Zambia,ZMB,2013,42.01429
Zambia,ZMB,2014,35.4281
Zambia,ZMB,2015,10.66037
Zambia,ZMB,2016,16.36704
Zambia,ZMB,2017,156.651
Zambia,ZMB,2019,13232.71255
Zimbabwe,ZWE,2019,4633.11623